sample_id,pcr_ct,method
V338469829,16.9,"Ct<25, shotgun"
V338469963,19,"Ct<25, shotgun"
V338470961,19,"Ct<25, shotgun"
V338469819,19.6,"Ct<25, shotgun"
V338469797,19.9,"Ct<25, shotgun"
V338470093,20.1,"Ct<25, shotgun"
V338469764,21.9,"Ct<25, shotgun"
V338470120,22.4,"Ct<25, shotgun"
V338471206,23.3,"Ct<25, shotgun"
V338470881,23.5,"Ct<25, shotgun"
V338470156,24.3,"Ct<25, shotgun"
V338470389,24.6,"Ct<25, shotgun"
V338469843,25.1,"Ct<25, shotgun"
V338469636,26,capture
V338469444,26.4,capture
V338471514,26.8,capture
V338470395,28.3,capture
V338460602,29.7,capture
V338469768,29.8,capture
V338469869,29.8,capture
V338469435,30,capture
V338469719,30.1,capture
V338469486,31.1,capture
V338469682,32.4,capture
V338470532,32.8,capture
V338469385,33,capture
V338469996,33.1,capture
V338469199,33.3,capture
V338470365,34.1,capture
V338469862,34.3,capture
V338469761,34.7,capture
V339060381,14.9,ct<25 no capture
V339314081,16.9,ct<25 no capture
V339061054,18,ct<25 no capture
V339060846,20.8,ct<25 no capture
V339060113,21,ct<25 no capture
V339316071,21.1,ct<25 no capture
V339314050,21.2,ct<25 no capture
V339060239,21.5,ct<25 no capture
V339061002,22.1,ct<25 no capture
V339316059,22.2,ct<25 no capture
V339060618,22.3,ct<25 no capture
V339060863,22.5,ct<25 no capture
V339316189,22.9,ct<25 no capture
V339315155,23.7,ct<25 no capture
V339060450,24.4,ct<25 no capture
V339316453,25.5,capture
V339315849,26.3,capture
V339315584,26.4,capture
V339060270,26.7,capture
V339316347,26.7,capture
V339314140,26.9,capture
V339060308,27.1,capture
V339316292,27.8,capture
3JSB49KF249E,28.1,capture
V339060980,28.1,capture
V339060203,28.7,capture
V339060659,28.9,capture
V339059861,28.9,capture
V339061101,29,capture
V339314810,29.5,capture
V339060451,29.5,capture
V339316003,29.7,capture
V339059836,29.9,capture
V339059963,30.1,capture
V339315439,30.3,capture
V339315531,30.4,capture
V339060443,30.4,capture
V339061516,30.4,capture
V339060266,30.4,capture
V339061057,30.8,capture
V339315176,31.2,capture
V339060733,31.3,capture
V339316046,31.6,capture
V339315924,31.9,capture
V339060359,31.9,capture
V339314665,32.5,capture
V339061171,32.8,capture
V339060064,32.9,capture
V339060394,33.3,capture
V339061795,34.7,capture
V339060886,34.9,capture
V339315954,34.9,capture
V339314910,35.6,capture
2H3FP28DU56B,22.1,"Ct<25, shotgun"
2M4SVJPRBP8E,19.5,"Ct<25, shotgun"
2W9DJ6TJX2C3,20.4,"Ct<25, shotgun"
V340177465,26.2,capture
V340177482,29.4,capture
V340177499,24.6,"Ct<25, shotgun"
V340177529,31.7,"Ct<25, shotgun"
9RDKKG8UC2L1,21,"Ct<25, shotgun"
9YSDQLS49PG3,21.5,"Ct<25, shotgun"
65PLQBLG2X36,27.5,"Ct<25, shotgun"
6HAF8SLAZWGE,19.9,"Ct<25, shotgun"
6KACHWYGUELF,22.7,"Ct<25, shotgun"
6NEED5ZBM8EF,34.6,capture
75EHA9UTTCBB,24.2,"Ct<25, shotgun"
7M2WE5AKW2WD,22.5,"Ct<25, shotgun"
7RQ2D55UMFLE,27.8,"Ct<25, shotgun"
8E3RNH9ZWD2B,19.5,"Ct<25, shotgun"
8SSAKEYY2NX6,23.2,"Ct<25, shotgun"
954DU3LB5CX7,26.1,"Ct<25, shotgun"
9F869HKP8AA3,20.1,"Ct<25, shotgun"
4PNYG47N6PM0,22.1,"Ct<25, shotgun"
4BXDCK4RBUTC,35.9,"Ct<25, shotgun"
49ZTXAWLJ8HF,31.3,capture
3N72REWHXWD1,27.2,capture
3MJ7WJYURTN4,22.6,"Ct<25, shotgun"
V340163780,21.2,"Ct<25, shotgun"
V340142303,18.4,"Ct<25, shotgun"
V340142520,25.5,capture
V340162800,24.5,"Ct<25, shotgun"
V340162975,28.8,"Ct<25, shotgun"
V340163175,34.4,capture
V340163214,28.2,capture
V340163432,23.9,"Ct<25, shotgun"
V340163436,21.6,"Ct<25, shotgun"
V340163463,26.9,"Ct<25, shotgun"
V340163548,17.5,"Ct<25, shotgun"
5V2YXWA2RS8F,16.8,"Ct<25, shotgun"
6SE7EAVM2EE7,21.4,"Ct<25, shotgun"
6TZ9PED6HA63,19.9,"Ct<25, shotgun"
6UA48YUTWAZ4,37.1,"Ct<25, shotgun"
6Y5ZR3GAQCU3,33.9,capture
6Z7YVMZ77529,34.9,capture
7DWCNE9HDMQ1,25,"Ct<25, shotgun"
7HW9PSMZG32F,22.6,"Ct<25, shotgun"
7L3GN3YEFGPF,29.7,capture
7X64WQL2Y254,32.4,capture
8F3Q8Q89ZCY6,16.7,"Ct<25, shotgun"
22WW244CK2DA,32.8,"Ct<25, shotgun"
2S56XDXC8FP6,24.1,"Ct<25, shotgun"
3P2BRC4APBD9,12.8,"Ct<25, shotgun"
4FAEJYS5ZVP8,18.8,"Ct<25, shotgun"
4N6ZZNB3VBZ1,30.7,capture
3NMS75VBX771,N/A,N/A
5W9ZGCP6SQ8E,23.1,Ct<25_shotgun
4K4ZULSF7JNE,24.3,Ct<25_shotgun
4JUDDBFUGKE1,31,capture
3PV9K2Z7Y3QE,34.1,capture
3PLJ6DZUYSHF,30.4,capture
3WL677RRCC55,19.1,Ct<25_shotgun
24YEUT2956VD,35.3,capture
3PB58D75H6HE,26.3,capture
2PNQC3AWFQ2C,27.9,capture
63VWX3UJUDLA,26.1,capture
6PYCW4QNWDR7,21.7,Ct<25_shotgun
6RLBL853FT54,29.4,capture
76A36Y6QGYEA,25.1,Ct<25_shotgun
7ZHTX8FCMCF5,34.9,capture
9Y5XYBXWB6J3,35.8,capture
9HL3NNR8PC55,20.3,Ct<25_shotgun
8HKZBX39DPT2,37.2,capture
V340255186,14.4,Ct<25_shotgun
V340255221,16,Ct<25_shotgun
64EEFFQA24T7,30.5,capture
4DBNSUFST6ND,16.7,Ct<25_shotgun
3BKH4ESQZWH6,19,Ct<25_shotgun
V340255862,28.1,capture
V340255581,19.9,Ct<25_shotgun
V340255447,24.9,Ct<25_shotgun
V340255235,15.7,Ct<25_shotgun
7H8M5VDGQ968,20.5,Ct<25_shotgun
5MAPH7XWYF3D,28.4,capture
V340255711,31.7,capture
52NJU4B8JUE1,19.7,Ct<25_shotgun
V340255563,20.5,Ct<25_shotgun
4MRNEDKNT548,18.7,Ct<25_shotgun
V340255480,22.5,Ct<25_shotgun
479AX5VYQL5A,22.7,Ct<25_shotgun
V340257071,24.7,Ct<25_shotgun
8874ELKJPES8,26.8,capture
6RBVQQVPQTH9,22,Ct<25_shotgun
V340255424,21.8,Ct<25_shotgun
V340255374,28.7,capture
7V9WPA4GYJHF,16.4,Ct<25_shotgun
34P58FJDR99B,28.2,capture
V340256231,25.2,Ct<25_shotgun
7JK6NSS5VV82,26.3,capture
V340255358,34.9,capture
V340254974,34.6,capture
V340255798,37.1,capture
63VEW7933ZG3,36,capture
V340255722,28,capture
V340256060,35.6,capture
6C2BM6TYGHJB,20.8,Ct<25_shotgun
V340256245,31.9,capture
V340255703,30.4,capture
V340255834,29.4,capture
V340255952,24.8,Ct<25_shotgun
V340255961,32.2,capture
8RTG3DH8EM53,33.6,capture
V340255245,25,Ct<25_shotgun
V340255319,30,capture
V340256027,25.2,Ct<25_shotgun
V340255962,30.1,capture
V340255977,19.8,Ct<25_shotgun
V340256010,25.4,Ct<25_shotgun
V340256015,21.4,Ct<25_shotgun
V340255332,32.4,capture
V340255539,27.7,capture
V340255389,16.7,Ct<25_shotgun
V340255502,35.6,capture
8KLZDXK3SBFA,28.4,capture
V340195674,33,capture
V340195333,23.1,Ct<25_shotgun
V340195753,25.5,Ct<25_shotgun
V340195793,12.7,Ct<25_shotgun
V340195826,17.7,Ct<25_shotgun
V340195505,20.9,Ct<25_shotgun
V340195842,13.5,Ct<25_shotgun
V340195732,32.4,capture
V340195331,23.3,Ct<25_shotgun
V340195190,26.2,capture
V340195213,26.4,capture
V340257089,23.1,Ct<25_shotgun
679P75QUF8VD,26.1,capture
V340278730,23.3,Ct<25_shotgun
V340278932,31.3,capture
94CDAAN4GV7E,35.5,capture
V340278566,32,capture
7YQ9GM9VFSW8,33.9,capture
57EVS5WA7H3B,21.5,Ct<25_shotgun
V340273885,34.7,capture
6HNTDCXEY2M6,19.3,Ct<25_shotgun
66R6E785YC9E,26.4,capture
V340278123,32.3,capture
5RXRTSS2FWR4,24.9,Ct<25_shotgun
V340278806,32.2,capture
6ZKHFS92XWQD,21.3,Ct<25_shotgun
V340273767,29.6,capture
V340273658,15.8,Ct<25_shotgun
V340278150,31.1,capture
V340269845,23.6,Ct<25_shotgun
V340270274,23.6,Ct<25_shotgun
V340269816,17.6,Ct<25_shotgun
V340270131,27.8,capture
V340269637,18.1,Ct<25_shotgun
V340273412,N/A,N/A
V340278513,27.9,capture
V340274108,22.9,Ct<25_shotgun
V340301792,19.2,Ct<25_shotgun
V340273760,21.3,Ct<25_shotgun
V340301153,27.8,capture
V340278145,17.5,Ct<25_shotgun
V340303342,20.9,Ct<25_shotgun
V340301397,22.5,Ct<25_shotgun
V340278207,21.2,Ct<25_shotgun
V340274190,27.2,capture
V340303141,19,Ct<25_shotgun
V340278484,18.7,Ct<25_shotgun
V340301913,18.3,Ct<25_shotgun
V340302588,19.5,Ct<25_shotgun
V340301143,32.9,capture
V340278067,17.4,Ct<25_shotgun
V340278400,28.1,capture
V340278533,23.6,Ct<25_shotgun
V340278143,27.2,capture
V340302247,29.1,capture
V340301785,32.2,capture
V340300494,30.3,capture
V340278005,21.9,Ct<25_shotgun
V340278474,29.1,capture
V340278446,15.8,Ct<25_shotgun
V340300803,22.9,Ct<25_shotgun
V340300556,27.7,capture
V340269664,29.7,capture
82A6YGWR6CDD,31.4,capture
"V340322741,V340324168,V340324586,V340324607",29.4,capture
"V340324294,V340324150,V340323353,V340324680",35.4,capture
"V340324314,V340324390,V340323874,V340324744",23.5,Ct<25_shotgun
"V340324382,V340324249,V340323643,V340324752",19.9,Ct<25_shotgun
"V340324401,V340324298,V340323770,V340324799",34.4,capture
"V340323677,V340324303,V340323880,V340324695",36.4,capture
"V340323844,V340324427,V340324610,V340324808",25.4,Ct<25_shotgun
"V340323706,V340324178,V340324304,V340324805",20.4,Ct<25_shotgun
"V340324509,V340324076,V340324206,V340324651",26,capture
"V340324410,V340324243,V340323621,V340324690",36.9,capture
"V340324506,V340323982,V340323841,V340324824",25.8,Ct<25_shotgun
"V340324519,V340324064,V340324545,V340324666",33.2,capture
"V340322859,V340322757,V340324229,V340323800",19.7,Ct<25_shotgun
"V340323953,V340322840,V340324282,V340323239",36.8,capture
"V340369829,V340368594,V340367218,V340370066",19.4,Ct<25_shotgun
"V340370223,V340368569,V340368427,V340369980",33.7,capture
"V340370236,V340367810,V340368348,V340368349",23.5,Ct<25_shotgun
"V340367548,V340367780,V340368357,V340368089",18.9,Ct<25_shotgun
"V340367365,V340368017,V340368361,V340368160",25.4,Ct<25_shotgun
"V340367528,V340368009,V340368247,V340368262",25.5,Ct<25_shotgun
"V340368038,V340368839,V340368224,V340368127",24.6,Ct<25_shotgun
"V340367874,V340367739,V340368214,V340368145",22.9,Ct<25_shotgun
"V340367284,V340368801,V340367954,V340368032",27.3,capture
"V340368030,V340368749,V340368114,V340368358",33.4,capture
"V340367862,V340367692,V340368131,V340367995",30.6,capture
"V340368443,V340370271,V340368520,V340367650",39.9,capture
"V340368464,V340370317,V340368690,V340367679",37,capture
"V340367126,V340370333,V340368667,V340367614",27,capture
"V340368158,V340370340,V340368676,V340367590",26.6,capture
"V340367987,V340370352,V340368680,V340367693",25.4,Ct<25_shotgun
"V340367137,V340370398,V340369876,V340367797",35.1,capture
"V340367598,V340370433,V340368730,V340367911",29.2,capture
"V340367405,V340370521,V340368772,V340367938",31.9,capture
"V340367945,V340370539,V340368580,V340368043",28.7,capture
"V340367573,V340370043,V340367569,V340368137",32.6,capture
"V340367715,V340367588,V340368679,V340368506",36.7,capture
"V340368020,V340368572,V340367669,V340367264",16.3,Ct<25_shotgun
"V340367816,V340369323,V340368638,V340367306",33.1,capture
"V340367089,V340369757,V340367602,V340367350",23.5,Ct<25_shotgun
"V340373799,V340374807,V340373219,V340372856",21.9,Ct<25_shotgun
"V340373119,V340373749,V340374264,V340373753",21.9,Ct<25_shotgun
"V340373293,V340374412,V340374725,V340373909",23.7,Ct<25_shotgun
"V340373734,V340373871,V340372881,V340374248",25.5,Ct<25_shotgun
"V340372634,V340373755,V340372780,V340374270",21.6,Ct<25_shotgun
"V340372618,V340374011,V340372807,V340373270",21.4,Ct<25_shotgun
"V340372660,V340373986,V340372805,V340373235",25.5,Ct<25_shotgun
"V340372552,V340373927,V340372824,V340374307",20.8,Ct<25_shotgun
"V340373796,V340373936,V340372853,V340374296",22.5,Ct<25_shotgun
"V340372495,V340374214,V340374648,V340373468",23,Ct<25_shotgun
"V340373813,V340373895,V340374286,V340374557",26.8,capture
"V340372337,V340374201,V340374391,V340373325",26.4,capture
"V340372135,V340374048,V340374378,V340373204",24.6,Ct<25_shotgun
"V340372442,V340374136,V340374233,V340373261",25.7,capture
V340375628,22.5,Ct<25_shotgun
"V340372509,V340374033,V340374652,V340373308",26.4,capture
"V340373352,V340374424,V340374688,V340373961",27.6,capture
"V340413873,V340423015,V340412538,V340413966",21.2,Shotgun
"V340414369,V340412531,V340413203,V340414111",21.3,Shotgun
"V340414373,V340412054,V340422264,V340412252",21.3,Shotgun
"V340412768,V340412927,V340422531,V340413976",23,Shotgun
"V340413249,V340412484,V340423055,V340414027",23.3,Shotgun
"V340414198,V340412657,V340413120,V340412556",24.9,Shotgun
"V340413860,V340413122,V340414560,V340414064",25.2,Shotgun
"V340415198,V340413134,V340413062,V340413343",26.1,capture
"V340414440,V340412090,V340422241,V340412146",26.3,capture
"V340414201,V340422951,V340413179,V340414122",26.5,capture
"V340414300,V340412010,V340422312,V340412083",27,capture
"V340413737,V340413119,V340414534,V340414099",27.9,capture
"V340414240,V340422862,V340422238,V340412065",28.1,capture
"V340414255,V340422831,V340422825,V340412782",28.7,capture
"V340412894,V340413054,V340422575,V340412416",29.5,capture
"V340414488,V340415088,V340422878,V340412512",29.7,capture
"V340413233,V340412481,V340423124,V340414018",31,capture
"V340414146,V340414713,V340422921,V340412603",33.4,capture
"V340413214,V340415135,V340423095,V340414506",33.4,capture
"V340413901,V340412842,V340412743,V340412630",34.2,capture
"V340414127,V340412967,V340423024,V340412794",34.7,capture
"V340414386,V340412098,V340422379,V340412222",37.7,capture
"V340414020,V340414724,V340414583,V340412783",38,capture
"V340413848,V340412520,V340414414,V340413373",38.1,capture
"V340412547,V340422600,V340412130,V340412950",38.2,capture
"V340414284,V340422963,V340412908,V340412370",39,capture
"V340414116,V340414781,V340422938,V340414635",39.2,capture
"V340414321,V340412013,V340422331,V340412049",39.8,capture
"V340412120,V340413004,V340414453,V340412979",20.8,Shotgun
"V340412365,V340414018,V340414369,V340412902",21.7,Shotgun
"V340412083,V340412872,V340414116,V340412524",22.5,Shotgun
"V340412252,V340413256,V340414415,V340412794",23.2,Shotgun
"V340412630,V340413966,V340414324,V340412491",23.4,Shotgun
"V340412530,V340414039,V340414270,V340412910",25,capture
"V340413378,V340412352,V340413897,V340413273",26.2,capture
"V340412061,V340412707,V340414078,V340413252",26.3,capture
"V340412090,V340412839,V340414300,V340414713",26.3,capture
"V340412105,V340412768,V340414040,V340413122",26.5,capture
"V340412183,V340413099,V340414474,V340413226",26.6,capture
"V340413120,V340413901,V340414688,V340415135",26.7,capture
"V340412822,V340414122,V340414249,V340412500",27.4,capture
"V340413343,V340414164,V340413774,V340412540",29.1,capture
"V340412293,V340413847,V340414534,V340412481",29.3,capture
"V340412782,V340414131,V340414233,V340412927",29.8,capture
"V340411676,V340412400,V340413860,V340412535",29.8,capture
"V340413062,V340414201,V340414662,V340415088",29.8,capture
"V340412065,V340412605,V340414020,V340412989",30.1,capture
"V340413106,V340413895,V340414679,V340415175",32.2,capture
"V340412122,V340413020,V340414146,V340412807",34.6,capture
"V340411672,V340412391,V340413848,V340413264",35.8,capture
"V340412031,V340413028,V340414127,V340412657",35.9,capture
"V340412130,V340412282,V340414373,V340412955",37,capture
"V340398871,V340399696,V340399937,V340399832",18.4,Shotgun
"V340398799,V340399618,V340399951,V340399786",19.6,Shotgun
"V340398852,V340399507,V340399860,V340399791",22.8,Shotgun
"V340400058,V340399861,V340399466,V340398618",25.3,capture
"V340399087,V340399664,V340399910,V340399828",27.3,capture
"V340398764,V340399540,V340399356,V340399889",27.3,capture
"V340399927,V340398782,V340399705,V340399491",27.3,capture
"V340399217,V340400024,V340400007,V340399389",29.9,capture
"V340399944,V340400021,V340399716,V340399431",31.3,capture
"V340399164,V340399971,V340399643,V340399515",32.3,capture
"V340399133,V340400014,V340399904,V340399375",32.9,capture
"V340399850,V340400015,V340399487,V340399447",33.2,capture
"V340399207,V340399963,V340399621,V340399488",34.4,capture
"V340400061,V340400039,V340399529,V340399384",35.9,capture
"V340399923,V340398785,V340399655,V340399525",35.9,capture
"V340399936,V340399995,V340399597,V340399421",36.2,capture
"V340399969,V340399780,V340399680,V340399454",36.3,capture
"V340399978,V340400052,V340399686,V340399379",36.9,capture
"V340399238,V340400016,V340399960,V340399435",37.9,capture
"V340399245,V340400032,V340399917,V340399563",37.9,capture
"V340396654,V340396412,V340395895,V340397325",20.7,Shotgun
"V340396803,V340396072,V340396388,V340396281",23.9,Shotgun
"V340397175,V340396983,V340397379,V340397377",24.3,Shotgun
"V340395988,V340396907,V340395681,V340396214",24.6,Shotgun
"V340396585,V340395907,V340396942,V340397340",24.6,Shotgun
"V340397239,V340396924,V340395830,V340396446",26.6,capture
"V340396619,V340395929,V340396939,V340397360",27.4,capture
"V340396815,V340396069,V340396342,V340396272",27.7,capture
"V340396003,V340395692,V340396369,V340395820",28.6,capture
"V340395950,V340395702,V340395665,V340395924",29.8,capture
"V340396634,V340395975,V340395872,V340397289",31.3,capture
"V340396010,V340396968,V340395739,V340396312",31.6,capture
"V340396723,V340396051,V340396315,V340396234",31.9,capture
"V340395925,V340396963,V340395674,V340396061",32.4,capture
"V340396660,V340396039,V340396309,V340396224",32.4,capture
"V340396730,V340395996,V340396869,V340397354",32.6,capture
"V340396704,V340396164,V340396433,V340395972",32.7,capture
"V340396898,V340396098,V340396425,V340396115",33.4,capture
"V340395864,V340396094,V340396698,V340397349",33.6,capture
"V340397228,V340396691,V340397403,V340397412",34.4,capture
"V340396661,V340396322,V340395913,V340395849",34.6,capture
"V340395888,V340396685,V340395806,V340396434",35.9,capture
"V340396120,V340396741,V340395784,V340396395",36,capture
"V340444547,V340444768,V340444075,V340444301",19.3,Shotgun
"V340443564,V340443528,V340444271,V340443920",23.7,Shotgun
"V340443453,V340444050,V340444359,V340443522",24,Shotgun
"V340443990,V340443988,V340444323,V340443714",24.4,Shotgun
"V340444633,V340443930,V340443846,V340444574",25.4,capture
"V340444285,V340443720,V340443692,V340444373",25.5,capture
"V340443594,V340443589,V340444423,V340444106",27.7,capture
"V340443983,V340443973,V340444295,V340443730",28.4,capture
"V340443546,V340443533,V340444265,V340444064",29.3,capture
"V340444094,V340443873,V340444422,V340444476",30.2,capture
"V340444475,V340444755,V340444241,V340444153",31.6,capture
"V340444020,V340443917,V340444346,V340443668",32.8,capture
"V340444103,V340443877,V340444375,V340444428",32.9,capture
"V340444639,V340443949,V340444174,V340444481",34.7,capture
"V340444327,V340443710,V340443548,V340444130",34.7,capture
"V340444147,V340444702,V340443504,V340444479",35.9,capture
"V340466094,V340466595,V340466924,V340466076",15.8,Shotgun
"V340466135,V340466412,V340466929,V340466055",21.5,Shotgun
"V340466615,V340466449,V340465936,V340466293",22.9,Shotgun
"V340465986,V340466639,V340466423,V340466273",24.6,Shotgun
"V340466050,V340466370,V340466439,V340466155",24.7,Shotgun
"V340466268,V340466477,V340466556,V340465895",26.5,capture
"V340466019,V340465964,V340466157,V340466141",27.1,capture
"V340466170,V340465984,V340466908,V340465979",27.2,capture
"V340466624,V340466518,V340465924,V340466239",27.7,capture
"V340466422,V340466265,V340466613,V340466376",27.9,capture
"V340465962,V340466830,V340466689,V340466453",28.4,capture
"V340466519,V340466447,V340466585,V340466409",28.4,capture
"V340466010,V340466777,V340466669,V340466363",31.3,capture
"V340466778,V340466432,V340466656,V340465942",31.4,capture
"V340466731,V340466049,V340466620,V340466344",32.8,capture
"V340466163,V340465973,V340466890,V340466033",34.7,capture
"V340466793,V340466399,V340466491,V340466251",35.9,capture
"V340466058,V340466418,V340466130,V340466193",36.3,capture
"V340466504,V340466454,V340466545,V340466323",36.3,capture
"V340466025,V340465999,V340466568,V340466093",36.7,capture
"V340465956,V340466784,V340466744,V340466441",37.1,capture
"V340466030,V340466253,V340466120,V340466097",37.1,capture
"V340466468,V340466492,V340466732,V340466328",38,capture
"3R7U646VRSP2,8QFGS8H7JK3B,7HXD2M5QV9E5,37JL7XQ7WC24",24,Shotgun
"264N498C5VZ9,3C358K9GDG6B,5UKDVSD665GD,63JKN4XJNXUF",24.5,Shotgun
"6KSPFUAK2P7A,9K3HXNXEV2RA,8TPM3F7EQF58,53MFVVZTGYD9",24.9,capture
"3BBZTLA26P53,4WP343CBPFB9,7PXKBMJTJQ5A,9XVJL27DUNMF",25.8,capture
"493PRCBSSFG7,6BB4CM9NWYD2,9GF4C43LFX5C,2EG33H5H6PZB",26.9,capture
"2QBA5E6LQMY9,3J5GPTKJKSD1,3YQKQEK3GH87,8PSQJQ5AFSH2",27.1,capture
"6ASH9CDWUK20,2H87DL6WW6KC,3T4B6TYJX2N5,7FSSC4U5N5FB",27.3,capture
"9YAQKWDSJME2,6GBYHCYYAWN8,4B5FGFNNZ4AA,39M9DFPX2K72",30,capture
"6DZB937F4X9B,5X3LYYKYW3MC,7J96FK2TRSU7,5ZHZ88A86DNA",30.7,capture
"4A4RJLK4Y5M8,5UY89CLCQE41,6DR83PLHUJE1,54TZQVV6AB72",30.9,capture
"644SDP2MUJZ5,4KVYLKEW5BM5,8V9372QD7CW4,4K22PPAS8PN6",31.7,capture
"7VGLNZ956EBB,9QHAVFWRTGJ7,7CAUVPCL7RC4,42VWJDATC498",31.8,capture
"8GJ78D4XAMHC,29VKLKBH6ACC,5328AJ347PY5,5TZNEL2NDSA0",32.4,capture
"5T28YG9FFXG0,76XRXVWNCC76,5AXPB9GWPJ43,9R6FKS6VFC3C",32.5,capture
"5S34AM5U3LD5,65FG258PULP1,3DQJ86SGK56E,4B2UX8AT2DB3",32.6,capture
"83AUXYMXLLJ8,2KC6V5EWJXSB,5XKKE7Z4BUFD,6DH4V9HLQ5G7",33.9,capture
"34B4DJ8TN3V3,7SZV9Z9J6FN4,49E9ZWBJAT30,3NLGSL4L6GR9",34.9,capture
"8E4PA44FJY66,4CRN366SEV81,2U3D2K3BNFFC,6FZMM3RVLQCA",36.1,capture
"7EUGRC5VC89B,38VWFX776KR6,6N68NLZFKRTC,6XD7V8M9CSG4",36.3,capture
"8FVARU9PPGDC,42RGHV2X6H2F,2MHUVEYZ2PJE,2CYS4SMLDZAD",37,capture
"9W2LSZHSTCGA,54G7X4NVYUAD,3R8D9ZPMXXRC,4C3LX2RJSJT4",17.1,Shotgun
"5QYMR3ZLLWWD,4GLRAAU5FQ9F,4CSSE9BAZ4J5,5C8CES836JY7",17.5,Shotgun
"8VCRQHEEN4LE,8HMBCP8MCVQA,48MKTYSPWJBB,4ZWX9UBGX53D",17.8,Shotgun
"5VMFAHU4DQBD,39PY5RLCD369,4WSCUDALSS2B,8JUF96ZVVC3A",18.2,Shotgun
"48LWN2GPKN49,5VQNKKJ8WSBE,9PR3EANGH64F,3WMMW24HVZ58",18.2,Shotgun
"9Y8LMK7HH9BE,6SQ65ASVHPW9,9JPVGVG4DZ47,67T7TMY8QBN9",18.7,Shotgun
"8FM4CNFKCPLF,3ZHB5CQ3Y56B,8UGCVRM8NBL3,85HMHUJFBRD5",18.9,Shotgun
"4GWL6SQZ8RX3,7A6L5D5VZQB8,4EJ9JXZQA7ED,36CFUAV4WJS2",19.9,Shotgun
"4AP633XAEEX0,6B32NYLGGZZ7,86JTTUJRW362,2AGAHX8FNJGF",20.4,Shotgun
"7NRLH9YV9B33,6BFHD5Z3WJP8,5KJY5XKNPHNB,9DCSFKJS6T32",21.2,Shotgun
"3CQN62WUS4L7,56WK32AQGQ3F,323ZHVSMZ3U8,8BAK2LLD4DM4",22.3,Shotgun
"6SJ7YAEPRBSF,7RV6LCJZGYH4,6EG5ZK5T5NZ6,2LAVXH58M8Q2",22.8,Shotgun
"58ZHSNARBYD1,54BQJN6Z4UA3,4WRSJCRLVRHD,36YZRF5JWBDF",22.8,Shotgun
"9KQJMU4HP7R6,8YWQT2M7V99F,9X3F78BFG9W5,7EH2HDYU4778",23.3,Shotgun
"9VDLUWG2TDY5,29Q3JZ7VXTXC,2TW2VH7KADX7,5AD7FZCDG9CE",23.5,Shotgun
"6GE8CA7LG5A1,5XPJWDQPURQ6,32868CQKJ4D2,3443VB3XKDGD",23.8,Shotgun
"45BJM9335AUC,2EKWXHH7KFM1,3FF29UJ79KKB,225Z5SPJYLAC",24.2,Shotgun
"92432TL76C58,99U3PA5Q6445,3UA2BETEKUH9,9P3WXSY63MVE",24.3,Shotgun
"5NWTYKVYK481,9G6JA3PX92W0,5G8NKH9TBGS9,5M7QQFC5FFL2",24.5,Shotgun
"6KBK8LKX6GAA,7QUVR7YJHJP9,7THCDC3EHHW4,2KE4YJQFH4Z9",24.8,Capture
"2NXMSVTSZJ97,8T699D3AS5V5,46Y2AAF22MME,6AWJBRWQ97L6",25.3,Capture
"9TYTPCKZ8YA1,3HTBP8FWCS75,3SJY2LDBC5C4,569GDCEFNPD9",25.3,Capture
"2NY3C8W8BFUA,9GDQ8XBKPP22,8GB6GU2XCFF7,V340513418",25.5,Capture
"4V976U2TFEC0,6VPXSZ8QW8B3,47NTUSMWVGXD,66B8DEWLSZS1",25.7,Capture
"94GAL9X8RZ51,9RSZ9KEYJVE2,9643M6DBVSV7,7RRGGG96QMZA",25.9,Capture
"3RCV96D92HRB,97GFNC6TZFR7,44TARCXQ7PAD,5HUA5JV69338",26.2,Capture
"6GU92SV577BF,5N4KMU76XN79,2CQMT9H6LJA4,5Q5CTYWQ4NP2",26.3,Capture
"6GT76JBF68FF,7CRRLHHS4H4A,6MNHWTKQB6T2,9MZ9SGWP7H4D",26.3,Capture
"66J2WEMXZBH4,7H4LAVYNDY39,8ZH6WVHYBVF7,9B4MUNKYF8PE",26.4,Capture
"2W3GJX38H5JE,9SHM9TNAMKF0,3MNM7J5D6GHB,79TPZMFD6T68",26.6,Capture
"9T5HXFSQS4H1,76XJ49S77Z88,33J6T96ULHWA,4KWVNUVBMWUF",27.3,Capture
"73U7H53JPR8B,6D6ASS2AXWJB,6FWHAL5DNS47,2KTX9C2WNA3C",27.9,Capture
"6YZ9U88SYVP0,8997777UZS69,9RZ4KCNRPBY3,6L8D3X7AP6HC",28.3,Capture
"7BGT98499D48,6K3L3M7UQZ60,36SJVV5LBUPA,9MVRX9AN58E8",28.5,Capture
"48D5DB9HBDP1,8XL7C5RZUMU8,45NVF7FNRDX1,6GQ3U3MR62X4",28.5,Capture
"2YE4EJXNNWHA,92LYYCN9KCPF,9JZKW9CXPXW0,6KE7NMZPAMFE",28.5,Capture
"8EYT3275364A,7CGQ3FJ852TF,3BV6A6YDQGU2,4Q2MGB4V5LU1",28.9,Capture
"8BZUQGEB7ZXB,8JB37MDATKR9,86F7FSDU3KW9,2DK3ESBPN573",29.4,Capture
"2W6S53J8SC8A,9DNVTCG3ZXZ7,2M54928L3UC4,2R8CYVUEMKSE",30,Capture
"9VDW5JWXTTT7,8Y8R66EUPR83,6ET2RE9BUKWE,3MT7RCBZSKY6",30.2,Capture
"8T6S3DJ8RTE1,8GGCDDVQ2CV5,35SBB5KZT73B,9XJRTJCRJAR0",31.8,Capture
"6BRZ3KUUJXDE,8NJXTGY99D99,44QCHCH2A8Y6,2DQC35MXG2XB",31.8,Capture
"7ZMCUUR6T376,86Q8L4J982U5,3AEMVGDD7W34,5MDGLPT5G379",32.1,Capture
"3TBMGYLZD9SC,86T8UNBJ558F,6YJ9LKUCJ63B,22AZA8PCD5GB",32.5,Capture
"45UGBZ45T7DA,4UH8HBYY4YGE,96BWV2VRBEV3,59YRJDLXEQG8",33.2,Capture
"4EM93ZT9T5D3,3YE4UCBWNFG4,37YNEWLWCY69,2QHDL3AR5LZB",33.7,Capture
"66ASLVVDF6GA,4KX2BB26FLG4,2VWXWKRKD7RD,935UQ33CKQT3",34.3,Capture
"76KAAW2RPK45,5T36TE9QNW7E,74ZNJBUG9677,9HWQXTX8F5VF",36.1,Capture
"5CJPEMXATFP2,75HMBDGFYUV1,5MBHRR75KCYA,3MR8CASFRUD4",36.2,Capture
"4EAP5W3XC3M1,445DXJL7NW67,83VAUM2B6KL5,32747AEYCUM1",37.1,Capture
"9CHJ4Z2PJAQB,7GX588TJ9FDF,45QNFBHC4WZ0,24EZJ5GAPC4A",38.2,Capture
"8JPM9V3VDLR4,5MN4AKFSKWV3,5GQB2GAPGTLF,2CVYE7K9LLPD",19.6,Shot gun
"2XRET6Y7DNH0,8WGBENDL87JD,6LWQRUZZ8344,637VYSK9QUHD",21.3,Shot gun
"26WBUA52AFEF,8SMTKMQF6HP3,3U2XAP5QJ6L5,3NW4LFLZRM48",22.1,Shot gun
"89XZFRSJ9WR3,7MMTB3LDF2L9,65YPPZLX6MW0,27RTUV343ZDA",22.3,Shot gun
"4QAFYUAKGDSB,82PRXTSQ6MN9,5F55B6LWW4C2,9S3QY82CHC66",22.5,Shot gun
"3UAMHUQMFJ57,4BLQS5JPVU52,6435XAKQ6YHE,5Q6CGADLJGQ8",23.4,Shot gun
"2KCNFVD4AMW6,394URXPCE4VB,9W26ALDS6QHA,2PS3WU5CEZGA",23.5,Shot gun
"9B99F9ARGKXC,9ZFY42ADWVG5,9MEL4TWYVSWE,5456FJCNT941",23.5,Shot gun
"36SCWTE55BU1,64GELTJUKAG2,6AU8XTGFYB76,22ALUQHN9X7C",24.7,Shot gun
"2LQL8J96UJC4,6PXMLKJ794RC,8LLDRYS58KS8,3WMADRNR6BJ7",25.7,Shot gun
"4X2MKALJ4PKE,5UW4289D8B46,8QQ697DBMEVE,25F25FFKC8B4",26.8,Capture
"7CH4Q6BP8LQ9,26F2MCUYAF60,4R9YXDG2NWB0,3PMMCMZZVK80",27.4,Capture
"5AJDNY3TA3X9,9TWCCYLR6XY9,7K2QNJTS9WB8,4RDXSRQUUUD6",27.7,Capture
"3PVLX3JBUW7B,7XA7LZADQCFA,9LLQ2NFNVUP0,7W4SP7G58CS8",28.6,Capture
"3DDP6D2BQK3F,2Y59BEHXVWJ7,8H84UPA4E2EC,7AHPNXUPA5B5",29.3,Capture
"5W4TZMENPC6C,8KXFF9CHUF7A,2524ENMGSQKB,67C9X8Q8F9XA",29.4,Capture
"83958KBZRXV3,4DXPYRVH9LNB,7W6Y3EJX5NY6,7PD6NYULKUKB",29.5,Capture
"4U4F25MZNDM0,72SF8PYPF5ZE,2NBXAYHRT9YD,5NH2BY6K5YF4",30,Capture
"7PSSS7NJK728,498U4TNVZAA4,3JSWW5UAN9T3,3B9SNRNQQEL2",30.3,Capture
"3LHZTB5Z46DE,7BH5VQD6QHU3,8CZ5YKJ82KAA,35NEFW45EVAF",30.4,Capture
"7S9WTYF7HX63,7CFHFQ6HQRRC,8MPDCGPHZ8RE,3W8LAHZKFB81",31.3,Capture
"753SENXGYZM1,2BQMK4FPWWX0,4J8MTFH8A8A4,5KEK8XX9FQXE",31.6,Capture
"9GQXAZTCLG77,8X6RUWYAG6VE,9Z7XG7QJ6CU8,4SJD93MJWKD1",31.9,Capture
"22VE7FB6PQME,9D4XEGHXTYUC,473L5WGT5QEF,9CKFH7B6ZCG7",32.4,Capture
"7YM9QQRNVMWB,69J4BHYXPYP8,5H4F4JEFXZH2,2TB6U9UYGL82",33.2,Capture
"9JN9BSHPGHU6,4MFVMW7U2RH0,63PNJVGHUR93,39K7UCR7UL53",33.4,Capture
"2EBBLJCZLGD1,2363RXZ2A2CB,7XAHBMYBWA98,3C5DHHSQ9731",34,Capture
"5XLXSEE3NMSC,4V6KNXANG64C,3JM4E2B2BH2F,2NELFU6Y2QB9",36.7,Capture
"7NQ3KUC66RL3, 4ZW4V5DWN2AB, 22R23MBRPEQ0, 74K7LRZJEYR0",17.6,Shot gun
"727QU6TZ45UC, 8UWXW8AKZ7UD, 32FWQSRPUC97, 2PFF3DBRZL24",18.4,Shot gun
"8YVBBSKLAG3D,47BZ658HZU4A,439M5Z52YC3E,4A4VCSY6YHR2",19,Shot gun
"6WB87M3XTGK6, 8Q2AXA8LTFMD, V340562480, 8REVKRH9V8J4",19.6,Shot gun
"5CFCPM2ED454, 68EDYQDWXQ37, 6PCJ9S5729PB, 2KXWQPWJDGK1",22.6,Shot gun
"6DAAAY5HJBZ9, 5RAM7FF8WDA9, 67HDKW9YFTN4, 78LB3K252UH1",22.9,Shot gun
"6CRK7YQUERHC, 5LNYPS6FSUKC, 6LEJ7S6S6NLA, 9NP6GJQDSCH4",23,Shot gun
"76ZDQWW85VMF, 8QUABUQ7ZZRA, 4GGZFBXA6EJC, 6X26GME5JJW9",23.5,Shot gun
"662NG7J6KLS6, 22CX8Q4GC424, 3SZPKLB3WBDB, 2Z4GARZY3R6A",23.7,Shot gun
"3JR6LLH42CXB, 64CR7A7Y8XS4, 9J4ELBXUTLQF, 9BHF5V549CSD",23.7,Shot gun
"2QVNDLX657S3, 5XVCVYKQJG81, 7PVMLCPU4Z4C, 6FR7PBQXBN2B",25.8,Capture
"5FBC55J7LLH3, 6SDZC2JZLEA1, 96DF4R3H8YBA, 56XKSTC2NEL4",26.5,Capture
"9VAD6KZXA9M2, 3DRVH6N3LKED, 8SULFDD9JBW8, 9XCYQ8JNE9J3",26.8,Capture
"86RWMS6H9LT2, 6LHYDV3V6YHB, 4VQGSYTVGRK6, 3F429AP6MYV2",27.8,Capture
"8PMS4CARP6AF, 75DGPBJG59A2, 3AYC3NBBG7QA, 4GKV5WZUKREE",28.9,Capture
"8Z7HR5RLLNK2, 86QW6QUT4UE5, 9RJESZAY8YR9, 2TCZ9MWCWWT8",30.9,Capture
"4C95VMLJW5YD, 46SYV2JVKTL4, 3M6ATLPKVZ4B, 6WLKNRP9YCLF",31.1,Capture
"93G9DH88B7FF, 7SJT3362VVBE, 5QMKEG78H9E6, 9AZY9479FR33",32.8,Capture
"9LF4M9DGHDV8,8P2D6PDR3NT9,7HUTVRJGNDK1,7T3YU2CFPUF7",21.7,Shot gun
"55TQWP698GXA,3XYH3VCYGHP5,86CH5URP7XM9,6CCSMV6WQ235",22.4,Shot gun
"6RBNPY9G7LK0,2CWXRKNR6EN6,6LBX5RR6QYKF,3DJMULPTZF4E",23.2,Shot gun
"2WTQRNK4ZCR6,79D8EXAUUE9B,5PY6SVCH623F,43JZLKLH5555",24.4,Shot gun
"89L5FBH5WJ67,4P92JCBGLE5A,2GD8PANZDK7D,88RDLHKEHQP3",24.5,Shot gun
"3LA5EBA9X2Y2,7DMTPJD3S2V3,2ZGJS5XD5LJ7,754Z8XGYWPQB",25.2,Shot gun
"9YH2PW852YW8,2UG79Q63ULB8,3RBAHGTEX795,7TCDZJ5VU5D0",29.9,Capture
"3FS7LDSQRMN4,996FUP8QGBUC,65RMW2HHQXLC,9TUVZNU9JJTD",30,Capture
"8W2J5838PK59,3VTJ4DDMHSJ1,4C5323PQ7K92,8FGZDYAGG7H2",30.6,Capture
"9GTD25LVZYV1,5Y7UUSKG7VU7,54Y4UEHK94JB,8CQQ4ZMTHKVB",32.1,Capture
"7FQA27UKUNF2,82KXDE3P3244,4XUHQ75AP4P5,3XU78ZCQYLU7",32.4,Capture
"232WFXBNSBND,23TLQQXXK8RB,9SG8UMLRZEH3,6MD3ZVEFGXJ4",32.4,Capture
"2HGXZGH4SF30,9C4GYS4YRHR1,9UDBZKXV2PWE,54Q8YLQP8J98",33.1,Capture
"2YL3MY6FTRA3,8AUGBD5E5E6A,5TTR7PEGAEX9,9KWBCFH886E6",33.4,Capture
"8V6U6YZY6YDF,2KY7HJCEDDR9,4DMLF9XVLHG9,7XJTL8HUR4MA",33.9,Capture
"72HTHUQKVMJ2,2PDB363ECNMB,6YYNN8MRMF31,8MZNAWCB4NHD",34.5,Capture
"57XNVBBNEM4F,7TT7HYL2S67A,3Z6X7NMMCKA0,5HL6Z6NRTU3B",34.5,Capture
"4MK9LMTDUFN7,5BQSTZKCNQSB,3XL7UDT75AB6,9W7TFBS7FV98",37,Capture
"6L9ANXVLCWNC,53ZYKAY55Y9F,2NJE3QVSEL8F,2RV5TF28KA21",37.1,Capture
"7UG5E2XMRG9D,7GHN2BCN2K2B,97DFGCYAVP8A,2UZT2SAAW5Y5",38.8,Capture
"66QB8HV75DS3,84H6W8GT3321,4HM3C7UYQGH4,8RCC7ZNXRRN7",17.3,shotgun
"7QBJQTEY789F,62AVGXBJVYP4,6GP9HP2QQTP9,7EMMK3ZZZSAB",18.4,shotgun
"9TQM3NKSBK67,6W4SAGK97T71,6TSPLXFYVZV5,77MHTN7K8NDF",18.5,shotgun
"7JTSCU6WWXY4,7F5QCK3JU4WA,824BUY3BMY73,9WVFRWA6L3LD",18.9,shotgun
"2UA5VYLGKJXE,9BVK53C8JJ96,3MTX6V5TFWGC,4HVNHR5TDQJE",19.2,shotgun
"7RS93QL9MKTC,5JLLXJV5S78E,2ZDPU5MGEZYC,34NRDY3UUCJ5",19.7,shotgun
"9U9N8QSTY6U2,9CWJA6BX3YR3,99PU9GBN2LEA,6Q9TRNCT3KP1",20.1,shotgun
"9T2ZVA72NUGF,2BAXNXZYVT8C,3BZNE86SMM6B,49WZX8SG4G87",20.3,shotgun
"3NBC2DPZS9DA,3ZBTWUBKJN27,2QHR29UYAGAB,62JWCX6VN5DD",20.3,shotgun
"7CBYK283V2L4,23PXGQJ49PE6,3AH7ZTDVCQM6,34RJARS3SZP1",21,shotgun
"5HTQDWFRETN5,3JH2FC3PQER5,8W7Y2C29KRZ7,2MTBQ5JEWKA4",21.9,shotgun
"2LZW3K7CST74,4S25BMFDT7V0,5KV7F9DXUMX8,7QWSU7SQQUGA",22.3,shotgun
"6NPYQ8XUN6Q7,3N3SJ5WRMVFC,83RPXMTLKMBE,6WXZ7HMRQC3F",23.3,shotgun
"7RUFQPFHYS53,2WM5XVCUPCYD,9VRGGBHBUMHC,2TGE54SFXPTA",23.3,shotgun
"5VZTKFXQUFE9,7CMRC3WKH9X2,95A89ZNQDGPF,2UXHLKLYHAP6",23.8,shotgun
"9B7DETEDQM5D,62QFLH7ES7QF,3V9VUL6L7DRF,3PCJ6TUGZUN5",24.3,shotgun
"7Z36HCH9EHB6,9CLELABF9BFE,9RF9KH6VE2LC,4CN9WP2VPNH6",24.6,shotgun
"2XVHFT79NCJC,5BXNLRRQPKR3,9U8U8S3DSYD8,24VDBW5L7N59",24.9,shotgun
"35AANVQT8YLC,54C5GP2CPW6D,5PX4KQKB2VVA,3RXY4WCWJL24",26.1,Capture
"2DPL74K6UJ47,2YPD4VQE62E0,74TAHDF2MVCA,2ME9JFYV6HP7",26.2,Capture
"9QBBJK4KSAAC,3UPYKX3FJ5PD,7CDH65DAJLCA,8NBJDV3KW48C",28.3,Capture
"4CBP8S2F74KD,8DQWJ29BG6KD,2239NXF5TR54,34ARN6DYSBCB",28.6,Capture
"5DDCPU3P87KB,7GV8UEUUTLND,3FZRZSWZT7M4,26JRSWVRTLTA",28.8,Capture
"4GSRCXN9VDQ4,4XF4NDQMH6T4,242QBB8HGPV7,8MAFMA953PZ3",29.5,Capture
"8ENSWEPYQ8A2,95LLCKMCSXVF,4FUKTBVTB4NB,9Z8U9DG2WA8B",29.6,Capture
"6MH92ZFJCMW9,6JUWTJ5NKQCF,3PMEFPUAD724,5QS8WUZMG7UF",30.5,Capture
"7T57NZESPYP5,7U587CVPHCN5,3KAVECD6YK53,4TAGCPY6WZWA",33.2,Capture
"7576AQMPKE49,7H7UHCCSKC6D,63CPCKZWPRK4,8FHMDX3GYYL4",33.6,Capture
"997JMKHBVXDD,8U9MDLM4WPK0,4ZDLFUHJYV59,5LP5AZZX9ZY3",34.1,Capture
"9PRAKLXHNSV5,7KC4CEQAC3B8,6R98G36DB5U6,99PRA4LSKM34",36.6,Capture
"6UFHAY6XKJR6,7ULAAE63NTS5,7TD5VVSBJNQB,7QN6VLGAB8J4",37,Capture
"6QM5ZUVZUQ76,6LHPQJL2F7J6,67KNR8VDYPR9,3L7L5YJS8YJ1",39.3,Capture
"V341044681,V341044312,V341043769,2BCGQR962TKC",17.1,shotgun
"V341043167,V341043648,4Q53BBUJMB8C,3JKFLWYU98YE",17.9,shotgun
"V341045427,V341043280,V341043697,8SAPVM2NKWP2",19.3,shotgun
"V341044858,V341043587,4EZ7QF6V5PDE,V341043619",19.4,shotgun
"V341044640,V341043685,V341043869,733N79HVQNKF",19.9,shotgun
"V341045066,V341043398,V341043358,7CZNH7YNTJ81",21.2,shotgun
"V341045373,V341043747,V341043987,5LXZWRSJ77Z6",21.7,shotgun
"V341044655,V341043082,V341043239,V341044361",26.6,capture
"V341043309,V341043731,4GP2KRBDP2ED,3DS5JQLQ23YB",27.4,capture
"V341044690,V341043157,V341043946,V341044077",29,capture
"V341044754,V341043435,48DAC38VDR44,V341043555",30.6,capture
"V341044802,V341043072,V341043843,4U4UP6HZTGZ5",33.5,capture
"V341044566,V341042999,V341044067,5967UVY5PQK1",34.6,capture
"V341044882,V341043983,V341043707,2LP72V778NM4",37.2,capture
"V341044832,V341043539,V341044043,5RAHNDD5DNX8",37.2,capture
"5W7LSAT66398,5KEXWLA2LPCB,8RG7BQZJZ3FE,6SH4HW4PBX7B",16.1,shotgun
"5S4ZBDREY965,8MJ5JHECVP8D,9PU4WVWWKRF7,47U2VKT3WBMC",18.7,shotgun
"8ZZDYYBKRSQ1,9EQWC4GCZNBB,3GAHXJNKC7DE,7G9NUPLW3M54",20.6,shotgun
"4Q2L57VWAB27,5BLRVE9JSSY8,3FTEFEW95S49,7VHUL3NFBH8F",21,shotgun
"3TPMAXWQE937,3P27AG92ZPQF,4CJWCV3ERBJ8,2K6GSWNQCEE3",21.7,shotgun
"9KAFYR2LJTFA,7Z2NGB9THXHD,5WLU78TFP588,5SMCWDYNV6QA",22,shotgun
"3TZ83ZZY5WJ5,5UCBZ2QGTP85,7AB6WV4A5SM9,2WGYR26AZ3F2",23.2,shotgun
"3C5SPGRGUTL3,2X7L7NADCTJ4,2TJDDN2MQHKD,2RA9RQMQYNYB",23.8,shotgun
"2A4MHMNM8MW8,4XSWV2PBKVLE,95Q6FYF5GPU9,63P2NTED4T2A",24.6,shotgun
"4N59DM8G73BC,3MYFN4UKKHX4,9YHSM4QQEXAE,4BMQXYM35WP4",26.2,capture
"2A7ASBE8AGJC,8YJMKLRCMANA,8VY9AQ95Y7AE,9ZS9KB3JFLV6",26.3,capture
"2VEMMCXA34M4,8Z29SBKUG3S5,5RA93Y54U2HC,2L4EQ9VVRCN7",26.6,capture
"9UKJXNTYVY2A,7VUPG74EFWUF,7DCQMGNYT66A,3CNYTSA3YZ54",27.2,capture
"6G5YRAG9XH72,36QJDP6EKS85,724LPG4MEER4,68ZDX2NUKVWA",27.2,capture
"2PDZBVWULC8C,38HUJHKY7Q5A,4FZJXAYU5THC,835TETBFNV3F",27.9,capture
"5CGAAFD5WWR9,4B7RW6NLPVEA,6VUSBV33NW8C,7JFBJFEYN7NE",28.6,capture
"76M5JLNSAMS5,6WKPF3BMHHRC,892UKJEWFRL8,962PSERPL2KD",29,capture
"26UDSXHL4B73,4GQMRXAWZC84,36ECXXVZM7T0,7HEM6JQTS5S0",29.6,capture
"3QJ46XV79UW9,3GLCAK5SUGUE,6QKL2CGMDLN4,47GKB676YWKE",29.9,capture
"5CTCMTKT323E,9ELHKRSBA820,7CA7ATTE35YF,8LK7QWP4W5B6",30.3,capture
"3MWEVPTF35L2,2XCXHK9EHQFE,47SD384R47ND,987K929RQ6L6",31.4,capture
"5VKE3FPYF4FD,7S7MXULSJYG3,9UGF494Y2YU7,4EZ7WNR4VK5B",35,capture
"9JWRN2WBPZM8,8SHHGBV7VE48,2FHAKR2TXNWF,2XV9QXX8SACE",37.1,capture
"8WTQ4XWP9RN1,5XP2GL8ZGLM5,29UFYRV29RX4,6UX5QU4UZEZE",19.1,shotgun
"5NSQMUDX5LSA,3TNBV5W3ARJ0,7Z5X42B4FKJB,8WTHEPAUQJ41",19.8,shotgun
"8GTHWKRB6GE2,4G4GXCLYB375,48Q5JH6B32A1,9V4L2U7CZ7M5",20.7,shotgun
"7KVFLKMNYGE6,3G83K5Z5MURF,2Z6B5AHEVGW8,6Y5HY2KD5K65",21,shotgun
"9TL6ADYKUAC9,5T6ZWBMVHL47,9ETZWHZCW758,2UBYLFLCLHJ6",23.2,shotgun
"44SAAH9N8F8A,5GXBPMAWC6U5,8FA95J84ELV4,39SAJFGQ4TVB",24.6,shotgun
"294FC6GXG6PA,8U479A2TKBX5,3M5FL2GVKDUD,5SK4Q93VQGDD",24.8,shotgun
"6QAPSPKRH6E4,2RVKNZ8JBLBE,4LJH8F7H9JJ1,687HASZ6HYS2",26.4,capture
"3XFQPPW8UVT8,4UF4TK26Z5P8,5ZQTW3VPBRL9,2AP8CXCB6LN0",27.2,capture
"63ZYLNLVC7U4,35FFEYUQXCHE,5UZQYERDZKHE,9GQXMS39C9JF",27.3,capture
"8DLLXFTK2UK7,5K3THM8D8HZ6,54PQ93HMZXDC,4UF2EQRDNRLF",27.7,capture
"6KHLUJ5JY2YD,6GFDGSTPHGT7,584FNYB7CT23,8RLMKJLP6WU8",28.6,capture
"4W36JACD9WP0,47EXVHEJRYE8,22KSCQRXAHGB,6BCQDW9ZUCNC",28.8,capture
"57ZHECXK9YJE,7VSJQMVLBH50,7HATL3Q4SF69,6LWL56FTEEK7",29.3,capture
"54WRXECV8RRB,245YPW5XSUMB,6EAZVBGWATLF,6MWJHWAHHYX9",29.5,capture
"5AA29KA3J5NB,9868SW32XSC2,97ZZAU86A6U6,9SFHJL9V5QX1",29.8,capture
"6RRNNJ2EPMJF,3P3X6L5VQ8B4,9VYLALC77VJ1,67TZ84HLPVCB",31.4,capture
"6FJBZAB9P5Z9,96BH4F9JV3R9,5TW5CCGVEM6D,9DU2V5A3B8D2",32.2,capture
"4CCP2PPZ22H1,6XYQ5STKQB53,42MQUBL74GK9,4N8XL27MEBY2",32.9,capture
"8FHKRSWRGT25,2CCCN86N5476,4LZR5UTRVR69,5JPXAE9TE7K6",34.5,capture
"7AK3X2KQN8BF,9GEUDKKGMTF6,29TAQBBT4GR7,4LJCCF9CYLF7",34.8,capture
"6EXENAGR2TXA,5N685NHTUTVC,9MUA4CL47WJ7,5VMKLDQQVCM5",35.3,capture
"8PA38DWARXH4,39BWDSBBLF5D,7EA38L6LC29C,529MLFMB46Y9",35.5,capture
"27XPTXJHSF74,2ARNLJ3Q5LQ8,63DN4FJQRK9A,4DNRDL4Z3MLC",36.6,capture
"4LFB9EGYQ6V8,2556P4R23BP2,7SZ2ZBTU6C91,8HGK53TESME2",37.1,capture
"8NUS8W6CZ4NF,8MLX9REJ5U75,8JQJBYPL8KWD,7R989WDBDUW5",16.5,shotgun
"9JKG9B8EH6J1,56SNQGCTCHGA,49PA9NM45Q31,6SD9VJSXPRU3",17.6,shotgun
"3Z5GFMG2SQQF,923S77BKLQ94,2RJNVA5H6FY6,7L6QGTLF8VC2",19.5,shotgun
"9X3QT9DH3N57,887AYC4KG8M0,2JCWHYQWHX6A,548HNRM7BTAB",21.7,shotgun
"9RJCFEPNVHZ3,62Z4886HWH30,75KP7UHQQJZ1,992HHH8QP748",23.8,shotgun
"2Z6HNU3A8YY5,62BZ7UG59FG5,5JGNHH3BY338,7GCAB5TMEYUD",24.5,shotgun
"5WWPQCFG9DUB,5BCCB47M7WCE,8BFPGPUGTYWA,2EZTLGUU9EEB",24.5,shotgun
"78WFNV6PM2T1,4MUGDMMEGUC6,5VRTQNNZ4UJA,8962J23SG4Q9",25,shotgun
"9JANACDQJ8QD,3ABXV6QHFGUD,6FGVSM3YK740,6B5LREQSW3WC",25.5,capture
"7APMYSAJQV64,3USVTVVS9UY5,5US2FBEH2NQ9,44S5QYZ967F3",25.9,capture
"5MNTFDELXZ30,8ZGVLMQQ6L3D,5UEYAPBHBDVF,6EDUXBEB6USE",27.6,capture
"9G7QPT97JVX1,6J8NT57BL7AB,8B4J52GMZCD0,86M42F3WVUAC",27.7,capture
"84CN9T6NEN80,6HAAAHSPSL53,2ZCAY7DK9HT5,7RX36SQ2PDL8",27.7,capture
"3KBQQNRXHC77,32BRAFJ4M42F,2DZ7WJAHLEAB,7KCG3LYXWW49",27.9,capture
"3BP5B9Z5VV41,25TV7BW8R9MF,7FV6K5PRJ5RB,97G6VRBSB923",28.2,capture
"5N492S6AWRH6,4ANHKQY778KC,35EKRRF3DAH5,7578CTFN28A3",28.6,capture
"79FRMV73HKT1,8APJH35Y9AC1,8LFWS6ZY8RL7,6PCSREBH7BDF",30,capture
"3B24XCSR4XTF,7P7WN4BYX3V6,8G58ALQLDEFC,3R5HCGA3GZW2",30.2,capture
"3UTZR7MUD2CD,6PA4SJGJEXY7,2MMEBR7J373B,5GC3ERZ3H8Y9",31.2,capture
"9LUWUDZHT8W2,6JK723EJRG35,59Z6D8EA5730,8L73SH52EKB6",31.3,capture
"2RUJNF42B3C0,6FYZTLSRX679,3VDK976B5MGA,2HDGNSMVSH34",33,capture
"8MCMQZ3HKCX7,8N99C7Q7925C,4TVVME4TQ4E5,5RYDZAZU2HP8",34,capture
"9QZN2G5X3UZB,2AXHDYJWN3RC,7A5QTR8QBH4B,7KTTAJDBPVHC",34.8,capture
"8XEKC6B4GS30,63BPJN8D3248,7CZLAVTGCRJD,5KE9BCUHRMQA",35,capture
"2BJVRWUTC2M6,2QDUPFFE5U91,7J5Y3WGMHNEA,43UDAQG9Z597",35.2,capture
"3MF6NVFYEP89,9FFTDZEGGF87,9GLN7YUBDUS7,8Y7C8AJW7AH7",35.4,capture
"9KTP6NH5FYWB,3F3MC4ME5630,8Z82A8RWT921,572PRN9KNSTA",37.3,capture
"6JBET2DL23K3,4YMYXWX9SFJF,72JYEVZXUTSD,9NGSH98VQLP2",18.8,shotgun
"4TJAJWXBRMWF,757STCCEFL40,9BLTES97BCV9,8772NNRZ8CAC",19.6,shotgun
"96JYXSNGGSWB,4D6CB9ZKCN32,5NMB3CGQQMR1,6VF5G4ASH7R4",20.4,shotgun
"66DV5J2SSH96,535LT5DD8M25,4QAY8QLRDYYF,7EYRLMZWBVR6",20.8,shotgun
"9P2DAEEG7PZ1,2CMNPY9CNQMA,42QGW7VMJHTA,2VZYYGAH4CV4",22.2,shotgun
"6H5LBN5JE7XA,9F624U87RGDA,3EEZWB9VJMAC,2TYWZVXPR6C3",25.1,capture
"6NC55KNLWYR4,7ED4H4FYHMBE,4UYRFBH4BEE5,39MUV8E9RVF5",25.1,capture
"9CE6XZ7JEMKC,6TWWQT4BN6H8,3UZBEY3G8FS7,42M3MTWXZVQ3",25.5,capture
"8URKY7E6BZD8,3XJQX4TL24NF,5PG9AWVQGHK4,8EFULQZCWRP9",26.8,capture
"98MDSM7FNVB9,8CEAEVNGGXVC,2RH8L7WCGM65,8YPDXZUTLAS0",28.9,capture
"8XWHLSCP36S2,5TMNLN5XES5C,4KZLGFUL56C9,3PMN99YFWZP3",28.9,capture
"5JCS9DS3LL3B,47UYW38UXV4D,8PWFBDTVPEP1,5DXRQA5S99SF",29.3,capture
"4C3967NAGH83,7B7LHAUSEYQ1,4F67UW2X5MV0,3NYTGECPZU78",29.5,capture
"2LPWY9PNCQ62,26PL9VFW9LF0,7UBKD9UJCAA3,7X5WHW2599BD",30.8,capture
"8ZTQJJY92YKA,5LAM28TKXXK1,4XVXJWC82H84,9XDU928LLMCE",31.3,capture
"3TXLUVYQUY34,4MD3WSJ76JY9,V341102773,4ZC33YCFEGH2",31.9,capture
"8TXTK577VR36,3JD75S9DXMHD,6P42PG3N8TJB,6JFRS6Z36MM6",32.9,capture
"7Y5LC7XCFLU0,768CN4V6XYP4,5HE8UEKKJQB2,76S93VLW88N9",33.5,capture
"4FKV9JBCFD2F,29ZGD6DC9XSC,5877YB8LXQZ8,9EHLTBVN7CH5",34,capture
"254GXVCG7UAC,8TZJGMCP8KDE,6AEQCGWX8Z61,9ZB8MRXAY737",34.1,capture
"9E7MJYUZQX39,7YJZBK9BQ2H4,6UUFKLGH2T56,9YXBSGRSHTT9",36.5,capture
"7CX4F45RMU5D,4E8BFPX6MYV4,2DGWYCV7W2W6,9HL2MW5ZCXBC",36.6,capture
"7KUGKEW392MC,7VYBLJJH9XR8,4D2FJXHQB45F,5YDSYD4JC9CA",36.7,capture
"4LX98DBVAXE7,7VAUYVU6WLWB,4JC637CMC8HE,22D3XBTCS3X0",20.8,shotgun
"45QC575JQJK3,7YSBN8GXWVXA,8TM6FTEY83NE,8BAWGQJTCQ80",21.4,shotgun
"55AZKQZCMGV5,3GZLPT3BMN9E,9G68SKLA8XV0,7W9JB9DTJF9D",22.8,shotgun
"79UNMVJRQU57,77SMVX59C9X6,24NFEK6HZGU0,3RPARLWXW6M7",23.3,shotgun
"675GKV72ZGBD,7MFEQ936K2H2,29AHDTZ3KKR1,769MVPFXMN40",23.9,shotgun
"4S2LBX2WD3J0,2E458EAMECPC,3DDMKFAWAJ21,2WBBG7LJ85QE",24,shotgun
"2FH34Y2EY9W6,8KLU4A3Z64UA,6QT9B3TESZU9,9WH6XAQ2WJ61",24.4,shotgun
"253KQEET5P51,4H3SSN4XK6Q0,6FDRHDTL8P8B,526N38WURV23",25.4,capture
"6LDSGJWL8BP2,63BQLG5GVTE2,3N7UB5VQ33A1,5AZQ756BS4PE",26.3,capture
"2GLMHG3863J1,599FSL4HX8XC,54SUKRP4JWY3,259ZF4LW5ZJ4",26.3,capture
"92SUPJ3R7PC1,3FBZ2MSMA9LB,9JX5KWQ26MX3,8MQJLV2GR2A0",26.6,capture
"5BXVEXLLAS92,5FD48YNUKT54,8H2V8R5DS5U6,82C2HULTHTP6",26.8,capture
"6HSMFKUDS9H8,6QJZXNLZ5W89,4FWRHGGH5KDF,822WEE2T5Z39",27.4,capture
"28C9JPQ3P2AE,57VKA398JLE0,9LGVEUM4D4UD,7WQ69XH4LER7",28,capture
"5Z43ZYYE4XX5,9SYPVAJPWBB7,9BEYA8DC2H49,8HAPGQPDC6AF",28.3,capture
"2BEA6WXHGT59,7JVHPWPACYGB,9YJNQE2PW6G0,5K5VW6WXNX75",28.5,capture
"7ZYH6DFSCGB5,8BR9LWSTPPX1,V341141918,8WUQZ7JYBHE1",28.8,capture
"24NW59388ZR7,32F9PPGBVBX6,2WJWPRDMDCK4,6MU3QNVDTKEA",29.6,capture
"6CFNMK89TP4B,97LAP68GB8A6,5R2RANTHWQ72,2FJDMHWFE5PC",29.6,capture
"3YUXX9WYNUL7,8ZSPUBZ2F570,5UPZQFQQAEDA,7L267RHK2CL1",29.9,capture
"42FAWBPQLGJ7,9DL7VTHDHL4A,4APY9GDSNHBD,7VGY29YFFZT4",30.1,capture
"9VWVV3N395H6,7KPKNZV4GW26,9MVU3TRHKSK0,92PTLZ8J64RD",30.4,capture
"262EQLZCM3H7,7KZ89FZWY6EC,6D7ZVTWLBPSF,6QPU4U2Y4KUD",32.6,capture
"3RB7Z9TWHT79,89DP57V3YMY0,3AYWLJFH48U7,664VGKMPXY40",32.8,capture
"7ZRY5RQUCXZ6,8ULDNK4YEGLD,289HH8969UN3,6NY6QLX3MA6B",34,capture
"8ABY2GDXYL44,8V4F9A2M7SEF,9MCY7TSGKEF8,92CVLA3NKFY9",34.5,capture
"6XNW7YDYJBJ0,28G4EX95QWRA,9HPWKV5C35R9,9S9MKL66M2L4",37,capture
"93J3WFWLSY4C,4UYP8QZWFK68,3ZHCFWFAWAJ8,4937D2N9VMZE",37.7,capture
"2MMZBCNLYBHB,2HXMU33FSEN0,7GDCPXFFF83C,36JN2UK79JZ8",14.5,shotgun
"9L4M25V5U62F,2KQW24Z7Q96C,6U6M7M2V6SVE,5EBBM5RHS5K3",14.7,shotgun
"8DF9SQUPYTZE,3KQVNGAJU736,5ALEVWBEF7MD,87TE78AJFNJ8",14.8,shotgun
"3XDTXSS2756C,9GCS6QDVSHNA,2N6BTFJGF8MB,982UEADAFLQ3",15.8,shotgun
"72DW7FN7F59C,6QPRNK3UNL73,728VDG2DQNM4,9H67TAYT3XHB",17.1,shotgun
"8K45P9NXKM8C,8E9VHWAYPV3A,2JMWY4WXXCUE,4LFJ77EEUDLA",18.9,shotgun
"3LZKS6CDPZA5,37YV55EFTW7F,V341102563,4BDXRVWBRNC7",19.8,shotgun
"6DA8NWLHKQRA,68G5EGCVW7JE,5AYJDJZUL6C7,8AYB5KUTQBNA",20.5,shotgun
"39988HYSMBAC,2TXSTBE6UVF4,6RRJ8DFNZPY6,5U5EZVQU73FE",20.6,shotgun
"7G2MRBDWWJRE,74U7B93DWUF1,6S7WPDRZ3YDD,8GXXA9P3ANQA",20.6,shotgun
"372GPSPW4HSF,2F4FJTGBABB4,2WGHPY6A84V0,8CZRL8ZAST22",20.7,shotgun
"7U5HHVQJLSF6,2E5Z7RHHKZ55,8J3V7FWT4Z3B,52M6TMKANGW7",21,shotgun
"4PYKDKCHNTH4,4AHK9S23WJ3F,7ZLQ5WDGT558,9CY6Q2XHFHMF",21.6,shotgun
"2USVTWY2QQ2A,4PJK5X8FVNR8,3HHRWMS4WLG5,4Z3LHLAZ3LZ7",21.6,shotgun
"5XFPC9PLAT5E,57EH4F4FP4A7,2YR383X38TU6,2GCFCKNUEKU1",21.8,shotgun
"44KPHV4XGK34,59GZFN3B9VF1,6ET9LE36HWDA,3382GKA59TZ8",21.9,shotgun
"5WENASF5VSF1,29U9Z9VGZUR0,3ZK8DPWB3J2D,6SMCY9WRP352",21.9,shotgun
"3MG84KRFMHNA,977JYR5MYGS4,9RZQMF3GDJWE,5BWHE4S8K36E",22.1,shotgun
"7QSWWVTAK4BC,6BTNC5HUVBB4,268ZWJZMMSVB,4KPF5QSWYQVB",22.9,shotgun
"7K6ZRFXXHT7C,2KZRF7JHLE34,4TJJ5Y9YAZG1,6WYPNAE7MAAB",23.2,shotgun
"4SY4PK46Q665,4B797BXBJZAE,V341102612,8DW8RE4KK7D1",23.6,shotgun
"94BCBE73VSW2,8LE3SWX5WKYD,2A9RWVW6VFA9,7N6VNJZ69Q6D",23.9,shotgun
"54JJZCJFB5LE,8KRJ4CA7VQDA,9MRJT7CKKDSD,6XMEE23J3FN1",24,shotgun
"8ZAB4VL9D228,2NVHDJ7YPQSE,239YWJWNC7P4,2QB46Z9MR7W2",25.2,capture
"36A32GRVVG5D,9A5SXSREUGJB,2J9NLPFT9S62,9HQR9M7882R7",25.4,capture
"38RT5ESK74V8,5RT46NBV4G8F,4RXGGRADJSQ7,4B3CJCCLZJR9",26.6,capture
"4VJFADYNV4DB,6QKUEZ6JMLPB,6SXAAF32YYE7,29Y4Z38JJHB4",27.8,capture
"5FMCZRU5GGT3,46ZTYSXN579A,9H6QXFPM8BD3,43J9TLF9PRHE",29,capture
"4D73Z93RB2V9,6JAPW9FQHVL2,8SU38PRHXBLA,2GE424ZNX3L1",29.1,capture
"69XVRF9GNYS9,7RHELGWQQAG5,8NGGC3SKEYFA,54MGZPTYQDNC",29.4,capture
"33MH63J96LKE,3K4FJBJZXGJ5,5F6UN3UXZFS3,6UU8RHWBZYHB",29.7,capture
"334EK4D25DXD,6MGADGNU2SH0,6K7AMBL3M2V2,4LLQGB76BNY6",29.8,capture
"5YBFRX4A76FB,7F5GGM5C2WM6,8SCAB263VRY7,4Y54QXHH82S3",31,capture
"6K2SE9JTUC7C,4J7VMJE4K6N1,67PEKFZ4XYG6,224KBFSJDLRA",32,capture
"4UXJXE24SL2C,6EKKCD2SENQ9,9VL37MHBC66B,8DZXD48Y797D",34.1,capture
"358GXPJF9WX8,2CR88RVUPX82,8XG8547DWW28,9N4M5MCBNC73",37.7,capture
"39PJUA4ZMLM3,99V5UPXPS6W2,5Y34MMZ7A7V8,38M6CGMNXEE9",18.4,shotgun
"456Y8UNYTTD5,7LDBESZYQP37,29UG64WZKMVC,9WD98QM4QMMC",19.5,shotgun
"7JFJH8LVCVS0,2LBAWNSAHV25,3AC8DVR9H8L1,675M99546Q6B",21.4,shotgun
"5HJNY3RR2AR6,459JJMCJGRQ8,6WCRVZLCEPYE,44N6HAHGV9NC",23.4,shotgun
"6SAK7HD4SFQ7,82VVX84MHWH0,8HFELEZVEFMC,48RTW8X4RWBC",23.7,shotgun
"8QLXL63HZTZ1,4NR5FDHAUUH5,77WUQ7H7VZAB,42R4U4LY9PF3",25.8,capture
"8W997FFR47EA,8X88SXJJ2MRE,459XZAJ2XWMB,8UXDGSQ5KFF2",27.5,capture
"7EHWPXGU6AEC,6ATPWYE2KFL2,7P5TC5T7KPKC,4TA2RZE9A876",27.6,capture
"6K7LUQ5UTMRD,3VV8XM4H6VA0,7FQZUEVKKXLC,9PPUNQ4YLC36",27.6,capture
"5CZKDABK9JS9,7BN3X4U3R9TE,8TBNE6DSG881,7B83ZM4W8FH6",28.2,capture
"6DRQE4F9XQDF,5T9QNE9CEQB4,34DLHZF4KN61,4JG4BQU3VU3D",29.4,capture
"39YJ9A59K8X3,2TPYF5W9L3H9,7SLNUJKQ6H44,V341144495",29.6,capture
"9KSLZ9UB8QY5,62PUGTSS6EJ6,6GGRTH5VUAED,9XGPMB9YKQX4",31.7,capture
"5EQRVGZ47ZD0,7AQJA3KH5H75,6JMHK6QNKCBD,89Q7MP7P3U33",32.3,capture
"48S9UF76HXDB,27X4BC457TZF,9DKQDXGPUPA7,48ES66FVNTZ4",32.5,capture
"7X8VXVKX3WB7,8ELXPFJGH5XB,8T7RRNTHLSA1,4ZJRF7MFQTU5",32.9,capture
"7LT4XD9B52WB,7RZYD7LZ4M26,6SPPU56ZGVU2,7DYP4LRMBR77",33.3,capture
"8Q2NJKZSLT8B,8XSKSAUPBL80,3NG2UQV8HY35,4M22ZP32TM22",33.9,capture
"2CPWJZBHPDRA,55N5N4EHUKUC,9RA4NS4LWS7C,5U99E9CJRBD4",34,capture
"6SA2CJ7KDQ97,6BP5B4CMS55C,3P6HLJ2CYZK7,35DS7UMGY692",34.1,capture
"6RGYQK2J5D6B,3ZCJNWFQLQND,5R4SZC77VEQ5,6WYYCF35PYEF",34.3,capture
"39R9GU38MBW6,2U9HMC3482R7,48EV2XF62MF8,6W88HAWCZ8D2",34.4,capture
"48Q95NH2RPZ5,5SMXB9W5HE23,3QS29UURJHL0,6ACU26RWDWZ8",34.8,capture
"69239BXJQG4E,332S2DHXPZD8,7RYBRW2TYYPA,8WA2VMU3V7F9",35.2,capture
"7XBAFD9XFYF9,23QBWDUKC22C,8GCKKPWC66YC,8Y3UJE6PMKSD",35.6,capture
"29V6HY9Y4YGF,45HEZBY96F76,7NFQWWPM2FQ3,2PSBBBJZYWAA",36.5,capture
"4METL3M43MG5,3ENB2J278EU0,4MGVDYXB9TTD,4FFUHYV26PQ5",36.8,capture
"3K5LVDNWYACB,23M877C6KD2D,2E8GXTSCXM86,79F3U8F2C2M3",21.7,shotgun
"3FNNVHKK8KHE,62GA9CYNEQ25,6HJHEVCE6PH6,7EZDVQAHXGK2",21.7,shotgun
"9HLU9VLHRN3A,2U229L2N4MBB,4KNXA9G5Q7D5,8BA6BXT62WG1",22.8,shotgun
"8TZ9QQUGQ568,48K6SSQHGJV8,2NNSRXWQGB45,222DSQNTUSM6",23.5,shotgun
"4UNQSVTD9EB0,2EARWBTGTNR0,86XBEB8B8U36,97TGE786YH43",23.5,shotgun
"7Y6GB4PMQQ9B,4RDSEZVKENMD,38H8XKS5A7Y8,649U7M6Q6GYE",24.1,shotgun
"9Q2VY43KYCBE,9DHU8NJJBE6C,5SSDHQMJQ5HA,689LFTCCXS8A",24.2,shotgun
"9N6RSC7GTYT2,3HFSJRUH3Q41,4GXLLHB5FQB4,24M3SUQNSFTF",24.4,shotgun
"5K3LSMJTAT62,73VBQSVYMWW6,6CUK22PFK4Y7,7UGCR9SN55CA",24.8,shotgun
"6VS83K399CF4,52JQJB7UDYL3,8Z9P8F8JL3H8,2D6E9GEPRES5",24.8,shotgun
"5Q6G7JBXW2KC,7VA3335FBWGE,8QFY9BTU8JD9,6MQQ4QSBLUH3",25.1,shotgun
"9XJ2QHTGJXWF,6SJY5AW498RC,5QWS5Q9WQYH9,6AMJWBVRZXW3",25.5,capture
"97K77MPFEGAB,2PMS3SEH7T42,3RZY2RDGHWV9,3QCCHDGB4WGD",25.6,capture
"3QTQHN56HUMB,8YDH74TCA4CC,8PK73C49Y391,6GFEJSPGUFQ0",25.8,capture
"9M2XHRZUC4D3,3EGQBAERTY88,87NRK7THSMD3,49J3692U3LZB",25.9,capture
"4AKQ8VPDEXW7,93CU4DN7ZHLF,8N5EXQJ6RPCB,5BJKA5DXWYYC",25.9,capture
"9EPQHDBGNPH0,8Y3LM2UGAVG3,8NMDZNTJMXUF,2S7Y5CJEG46F",26.7,capture
"8SCDDJD7FL55,2GFQC3LKQFF9,69X9X3X7BLAB,4T2ZRCXDTZFE",27.1,capture
"9F8X7FDYBWFE,3EWUJB63PG46,548K6CXBFTPE,3MT8NECVFHH1",27.2,capture
"9J4AG79BNDXC,4N9DP53BDCS9,7AHTME26VSY4,9EPHDKV2BYD3",27.4,capture
"34HJS68YRNR9,7WAVLVN56D30,9BRM2QDHKUJ7,5KHAUET5WRT4",27.5,capture
"6HDN8M3M8L63,24D5ULU7JVDB,4C4YU8ZEWAD3,7XF4GBNELN48",27.8,capture
"4T5HZSVFW2B2,8ET8HFDCN7D7,88C7B85MXQFC,4RRKFVJ9HB91",27.9,capture
"2CNJCGQ2AWP6,9JD55H6E9R4B,7PGY6UWBURR5,896U7TMENV6E",28.1,capture
"3LXXK5AEY9L5,26C8HA7XFZC8,35GNZGBHQ5VE,4T3HCE3WLHV1",28.7,capture
"7DLNCCEKTXNA,532ZJ45PY87C,5D7VPPFC5AYC,2Q9Q88DCS6W2",28.9,capture
"9Y4ZN9MRD3M1,5N4E33ERTKQ1,5C9B5MAE4F28,5TYWWWMMLVM8",29,capture
"2JXFSGAETAP9,7BUHHD96ZUZ8,33DU7LEB2AE9,6TAEQ9UWJ260",29.1,capture
"8WRS8W5HRYJ0,6XETZDK3RWC1,3XFSVHSCCG75,3Z5ZN5K39JJ8",29.5,capture
"7WRLNCBSEHHF,2RU8BX2VZLWC,4X2LKHQKRUK4,7Q8RBT6Q6HF1",29.7,capture
"3FGFE26A7SVE,8DAXG6LMHGY3,955A7X567YU2,8E8AKGAA3978",30.8,capture
"2Z57HHV39SD8,869NEDEF9VMF,8HZKXKWU6ZM3,75WYP89ERUY1",31.2,capture
"3SVW8MANZ6PB,87JW8S7YKQ48,5WLFHQ9RZXPF,7GP6GNFWZ354",31.4,capture
"2PQ5HGJB4EL3,7ZR83ESQX4RF,29WMSTQ3XMCD,23BABRXZ85E2",31.6,capture
"97V29ZWLYSED,9LEFUXMD8FZ0,5QET2UNLSKQ7,42S2VBRE5CR8",32.3,capture
"7FL3F3G9YW89,3PXMCTAZWS64,7R2JH9JGNK21,972YZFBQ9JK1",33.4,capture
"643YEJ67C35E,45AGEEAZY6TD,3TLY7RHULG40,5VVAYJEKXZLA",34.9,capture
"6NRWLMSAS5V1,38AQPY7TBYBD,5732JYKQA82E,4HSDD69J9R93",36.1,capture
"7X932A53W2HA,64SDFLDBRXE7,9YNXUBQGMAEC,7GEPZHCKKUY1",36.3,capture
"3DHGQ86HTM7E,9QXLZ8KHHH9C,6UQ572K3WMQ8,54H4UUKK72SA",17.3,shotgun
"2KMETX294ACF,5NACWFF2FDFF,9FZSYQLN72D7,8VVRDW4295QF",18.5,shotgun
"9KAC2JUN4YHE,5G5AFRPXMM8E,8XFKSYA9DNEB,4A9HMKGTTBAB",20.8,shotgun
"2NJDHTJ6AG63,86928YYAG238,7HBZQEPBJR30,66V9T4V9ZGND",21.7,shotgun
"4QAEAGV89Z5B,4V3U2HU2A9HC,66YF2K9D2X6B,5YQ2PJWTLFY6",23.4,shotgun
"966377WKQ995,4CTXY9SEHDL1,4CKNUM633VLA,77DCWEVKK2M0",25.2,shotgun
"5VSG8VQNVYRD,2SGGPNESEZFE,2AJCD94NADX6,4A5EEC3SA7GD",25.5,shotgun
"9KCUM24K4LZ9,584ERQMYDB8A,2ZDX4RTB4RK5,6PN5422SUHX5",26.1,capture
"7DVVMHY35PN4,2M4N4CDXLH32,5RKUK3CTE3NF,3PNKRU2L8U44",26.4,capture
"6GN9LF53S7B0,6WHXYBXQN7FE,87Y8X9ZEQZ41,3M8WRCJYBRT2",26.5,capture
"8GM23K8F56M5,46KW4S9AU4WA,7ASRG3BEVZW3,6T3AYKXZ8BR8",27.9,capture
"4R7RWCWM3NW8,35G6A5UFA271,8HJULQQZVGF1,9DHCCJTBWFP3",28.3,capture
"686CZKDH246E,3J9U7MQUSWD5,6YFQ8HWXQQ24,65A52QEZJ6LA",28.3,capture
"2GCJFZG5M9Q7,43WQTGHDPSWE,6Y9CJUXGJ82B,5NFT5X2SXJ27",28.5,capture
"8LFLHXR7S890,584GYYRU3ME3,33GTSWFM5TAC,93H9NA2QNC73",29.8,capture
"8LYHAD7GD9TA,5UFTBV2S6QQ3,6UKRG4UPWYC6,4LYECGRZSGPC",29.9,capture
"5BYXAVEPJJL7,3PQJ7D7B8VFE,78XYE7PD6QWD,3ZFGC4J6X32F",31.1,capture
"85LREVKRYNQ9,8N6J28NGE7C7,9LZAN53XS293,22RJ6J8C9QKB",33.4,capture
"5J7W22HK5EN6,7QYAT3K5EGHD,662FCDT9S2U1,7EARQ8UZMEEF",33.9,capture
"7U8T5KUV83H4,5QBKQMUCYHYF,7KTLXE3KU9R5,8KZXX2BSYEA5",35.2,capture
"54RJRGARD2A5,4L33VDEJD7VB,64ABSYGZ9QD1,9GA7LNMKWPR0",36.7,capture
"4J9GWL57P3TE,3J8RLUVSFT98,7RGJQGX9L8DE,2WTUNGC6LXA2",21.8,shotgun
"274SWYQAK781,6R77MV2QKFK1,8QWEATDLQHDA,45UWLCL6ALKE",21.9,shotgun
"27YZNMGQGEV2,3NZAXXLZCP59,9934AXXRE4L3,86HTCRYYCU6E",23.7,shotgun
"283RY8N6DDE4,48HGPPQUBFXB,9M4BAB886M68,2RSCZR4897S4",24.9,shotgun
"3U8K5NZ9TTR2,5C2TPPJQAC20,522MH768D6M0,5T66NXSVJGAA",24.9,shotgun
"5VEVZXLNQ6C6,4ESBFZUYMPP1,5H6W8JBMEN42,8397UUQLJUQ3",25.7,capture
"5W662MNKGNG7,23BFYNDJ7PR7,92N56MTLT2QA,846FSHW4PXBC",25.8,capture
"4AA58YXHH843,7ANXRJGRAJM6,6PXMDTRG3SVF,5GYEK9KU6L59",26.7,capture
"7EBA6UNU6TP5,3VLXUAGSEGDD,9KGDKFMFSZ41,5WSJ2GC7ABA7",26.8,capture
"9Y9MY7NENF65,8QQSRR89WCGF,253EVBXETYEE,3TMQM8DD9W4B",26.8,capture
"262RS4N75GD9,4CCGE7YBM4YB,83HKDD2LZWPC,5P9PN9JCMHK2",27.2,capture
"9GC54AUGG6AD,4KT3JR2CMBG7,8237Z7EEUXJ0,9W2KCTJBZXY9",27.6,capture
"4CABX4LJUDT8,7RAV5KEQ84F9,2WYPHDU55LC1,8JWHJXSRYHX5",27.8,capture
"3LT24UE7QD2C,664B23HRNRN3,7DT2HLZZX7FA,72GCBHYT8N7B",28.3,capture
"5RZZ936ET9R0,4HKXFS47KQFF,2DRP9JCC5A78,9A372ZGP57TB",28.4,capture
"2R4V5E9BL4UF,6JNH5QKG55ZF,2FNBPTTVBVC8,9DWC65N7G3FE",28.6,capture
"6BC7X2RACCR4,4XHQ5Z96RGVB,7JNHAH4LFT62,3P2HMVBAA3W5",28.8,capture
"4MFLGYNV4656,7MRPKPP495XE,73NWTJEL5GTD,9TLDGNAV6562",29.7,capture
"5B2VCP6NP9QF,9525VKZ73YRF,888FNFGCM4GA,8DPVREH7H4H6",29.8,capture
"2A6FLF6QZ7H7,3T2CYJ57F24A,8K4HZ5CW4W92,2MJ2KPP5DLHE",30.4,capture
"9PVMK7QDUEU0,4HYK6F23STXA,243U63AXXN84,3LVHL5SPFFE6",30.5,capture
"7R7E3XEQEND3,4WDFLJFG844A,3DK9Z49UD582,3YX5RFDB8PCA",30.8,capture
"2LX5HESMUNDB,4Y5RZRN87Q66,9CJ336X2ZBY4,5WPB68NNVGP4",31.9,capture
"3Z9B87KTBCYA,8ZGAT4P62AF3,6QH3Q44VQE2D,6ZURCLBJYS89",32,capture
"6NQ4RDG4K552,54SFWZXYA8RC,4PLTS27QEXLA,98SQCTRUETA0",32.3,capture
"4DALZ8EZF290,9HPYZ7FGFS5E,9HUR73D66X38,4GTYMG94GPMD",32.5,capture
"97SFJZWR7JHC,8NUEGTLJX75E,9E8R7979L442,87KCZYWFZP4D",32.7,capture
"3EHRMSUFPFRD,3RWE732M9XF3,6E2MFBAP7FJ3,2NUGT8CN2G44",33,capture
"8WWAJYLEQDB8,6QZJAGUP5WXA,9LAMDVF2PH2F,2KHPVG6WMXEB",33.1,capture
"3XZFYK5QK6V2,6SBZZLS6UFQF,8PHZ7EGQR8RD,8ZYFYGFFL863",33.4,capture
"3TUUHP5G5TN5,89PNYXGPPGSC,2THQVZN2KHAB,6Q8MAHQUH69E",34,capture
"2ECVSF6DNAFD,3WY9HNUDQNS5,8EAR8NTZU895,6VYYSN38JHLF",36.5,capture
"7CKKMM8CDEXC,2ZSES3M2DRTB,74PSCPZ67YS6,3H2EUU3BYWA6",36.8,capture
"4RWG568SAGH5,8QXYV53CNQA7,4VVKY2HWLH9C,8JMBX4YUA6RB",37,capture
"8EYQAGXLCJDA,7SBW92A5P35E,9S972YPKE635,9XQ6RACGSDE2",39.7,capture
"4FLRSFQMC2M3,2XFT4WLTMTWD,9TG2Q2Z4H93B,6KC5VTRYEWX4",14.6,shotgun
"479F8DTNQEJ2,47DFDYXKVKLE,5WKDRU7MGXLA,9QSUU5QXCN4E",16.9,shotgun
"6AWS66QDRTRD,6L6S6VDFRBJ4,97DTAREPEZK6,8UVFMQEQ92P6",18,shotgun
"6869S3GSRVSB,6DKW74ZAP8A1,2E2X5JEUUEN8,9F7ESC6VZ34C",18.2,shotgun
"799FTQBKLQBA,7VAMHZP3Y8L0,9FXDCEZ7DUHD,5TS9MGFA8WJC",18.8,shotgun
"9D5QUSMVEGZ0,8S9R78P5UGBA,6CVEDKKR9LY4,5F9GB75TC9FF",18.8,shotgun
"4JLTATZN2HAA,8EYMCC2THF75,98W42552H2XC,5SHLCKU3T3G3",19.1,shotgun
"23MFG79LPJR5,6CJHZHCT6436,6SUTU4JL6WH8,85FRK4WB6Q49",19.2,shotgun
"5242YSR8DUG7,39FRFRDNY6BA,7HXFAC6V4PVA,5AL3JZ9Q9TQE",20.3,shotgun
"5ZA23DEBDTP7,99DS72LBSKD0,3PH4496LYB83,3M43QTVTGSC6",20.4,shotgun
"2P7TZ6YW6F44,9JMZ6HA5AQ73,8JK6LRVLQRZ7,9LRSS6BRRHR8",20.7,shotgun
"4SH68WM8VS69,2FXG3FWB2QJ5,3LU87XVFXV80,3BDFLNS5FW77",20.7,shotgun
"5AR6YZUTD9V7,3KPHRQ7R8UE0,6QKCHQ8JPP56,66W93G24US79",21.2,shotgun
"364DDB2CKK9C,8XBRBB5L9686,78D9T4J9SJPC,3UYWJY72ECU8",22.9,shotgun
"7QEDGSVAR9D0,7UCF4DC7R8D0,74PZ292JXGU4,2UXEJQ8PQAAA",23.6,shotgun
"9QMABABULBCA,9VCDNUXA4L60,2F5CCUJ6PTDD,6TPBC4TLAUDC",24.3,shotgun
"2WKLG2V7XFU2,86LE6UFBVNC8,2G36DG4SY3VB,27WWECKGFAJF",24.5,shotgun
"48PDFBLNZVPA,6UFYGKBVP522,9P4AFHDKZMQ3,9DSWV6AK2Q62",24.8,shotgun
"5VK3KB9QWDBE,9H4SM9Z5JB3F,3FQA4NDUURS5,4YZNEW3DX2CF",25.3,capture
"77QDSSJ7SUN9,5ENGPYWGSWVF,3X2VNTNAWZJ8,7Z3WEDHX2W4D",25.7,capture
"77W9FY6U7QG4,5SH8QRN8XEF9,4YV2JVM2HZC4,6M6QHK9PARGF",25.9,capture
"6YYHU59QBAK2,6YA9QA64CS51,6CU7AHM7LDT3,9R7N7MTMPAY6",26.9,capture
"9XYL4DVE6Y2C,2JHTCATGL4T2,4NNNU9KA87LA,3S4EQPY2MKW7",28,capture
"99RTFPXE8526,4ZL9GKFMB7HC,4PMKUVMNU6JC,6E2VGQCZRK32",28.1,capture
"75YGP8WV6AH8,98XLDXEW4VN1,4SFBP8MB6CV7,8SRZJ4G283W8",28.3,capture
"86963NK69695,7CSDVHPQPEMA,4J6JF7RPTL44,2VJQ88F4VTYE",28.4,capture
"2KG7T72VXTZ6,3RPSRJ38TFS3,9KWYDXAMNVTB,6V7E8TKNMBG6",30,capture
"6MYRRE4XLTV3,3NJBEJY2P25D,9D9XXERWSY92,2P7RGJ2UPES0",30.4,capture
"8BVQAHCDVDGC,78KA4TNYBCBA,3RVZYVTQAHD4,3VWGT7RXP438",30.7,capture
"52FZ4YDDUPU2,2PMZ467D6WW7,43TXTZHYAMP8,33G8GMKAA3HB",31.2,capture
"8NATQ4PTJK55,2U2J6A8YXVR2,4C8S4Z3S7LE4,9T8AWK2WXTEF",31.3,capture
"9SQ6ZSC3ZGFB,2H4WFWB999EA,5RKRW299F7G8,3GRNSSFJRD2F",32.9,capture
"3HV4XATWUXYE,8H82K3UP3566,5MBUHV27VPTE,2M6NG8MW6SD1",33.9,capture
"3WABBUVRAPLD,6LSBLQFTGCH6,6UFZZJ9Q6GT8,3VC7L7VUZ22F",33.9,capture
"92247ZZQNUMF,9SCZ52QXVMQ4,5AWK87E7Z67C,8UENYCBXW3U5",34.9,capture
"7DELY336XX61,9KLLW3C2ME94,3LDVRNQ4KN3D,7R3F8Q5A93R9",35.2,capture
"7HFB7QRJJ2C3,8QVPCQV7BWRE,4W22UBRYZND9,9K3CE8NTFBM0",35.7,capture
"79RFSCN6NKXA,8YDR4F74ZMND,6MQ32CMW5F94,9DTSADTWSXP6",35.8,capture
"5NWLSTG8GW29,6ZYZE8MHL3Y5,7WQ39AM5BF92,6FQCR3F8SAXD",36.2,capture
"26R88XYRAYQ4,2KRCTP86QV89,5FW5DPYFUA84,9TEQ6TVF29W2",36.9,capture
"7G4YCSRPRRM0,4Q75VRDKSF32,8QHUS8NDAT2F,7Q2R9BX7ECC9",18.4,shotgun
"8DZ7BJCMLC54,3H74W455WP5C,4DUUM55THTFF,4YN5Z3U5HL8B",18.7,shotgun
"3NU6QQB94UHA,826CHMLMXHAD,925S7ZZCPMAA,7ULWMST5GQTF",18.8,shotgun
"7MBQH388JG5A,4KGB8WPF5QYD,3X6UDT3YYCVE,39Q2XNJUEAYC",19.5,shotgun
"8RKEA8F6KWQ2,8WR3R46HK2LA,88E24QKHYBMC,8THR2FZK86Y1",19.7,shotgun
"7RKMNKT539XA,52ALKRFU5JA4,8UWVJN6TGHUC,7M3WWZYR9693",20.1,shotgun
"48YGBZ2L22FB,2GGA6KWSQYU0,6LF27JG42VC2,4RLYWLSN5VWB",21.9,shotgun
"2NFHADFHPJNA,2GCCCABMHLZB,9L7UYWJ3JD94,4BZJ2TETR6D4",22.1,shotgun
"48FBLUYEJBL9,4XL7LY5LUWEE,6PMQ8PFLVB5A,4TSR58J8MARE",22.2,shotgun
"92BMHLC5NFME,5YS5EJ5TKSAD,8YBD8HWCSWSF,75MDSUMNVTS2",22.3,shotgun
"5BKP3V5VR7DD,7XFA5BSLD387,8LFN68LQPGW1,3YDFADGS2SVE",22.3,shotgun
"4KQU3SB2A946,7Q628985UXU7,6XFQVHP678W3,9AEWVVX9BYGF",22.4,shotgun
"4N8YYT2XAAE2,69KW2TG9LQ97,7Y3ZUNT6NDJ2,66MZBYP4YPZ9",22.6,shotgun
"68WFZC3HSZHC,38S2AAWDSZX2,4Q52PPEH4E73,7DTRWNRHWEUD",22.9,shotgun
"82PEUP6E4MJ6,6KPFEPDGQTTD,795SCNLL86JA,3J3UBK5YTQFD",23.4,shotgun
"2BHWRWBTEGQ8,6CZF78ZBMBL2,2P3MQLBRLFEF,3YT4X5KQVSM4",23.5,shotgun
"48BG75SQHZW5,5YBB59JJXGQ7,5JUZ9GX3LUNC,87779QA7DK4C",23.8,shotgun
"4YWCX7HR9NUF,7FGDGBVTMY29,242MF4GGLLFF,72BFS7WG7GTC",23.9,shotgun
"5PWMTCES2GRB,69P8JTXE66C7,9YXD4XRZNPWE,4LPVVMST8SU5",24.1,shotgun
"3TE9BXMF3WEA,7UTCFAULJUY9,2FKDN8ASBZWF,7EPLWSCCH5F6",24.4,shotgun
"4AD5HJXRBJ2E,2KVRPFF3H2KE,54S23ATKAJD8,4WQTE7NX7T77",25.4,capture
"3RHESAX24T60,3A4KVMWQ4WYF,7JYEPNSTSPFE,37ENRBGG2AU9",25.8,capture
"3LJER6QU9TG0,265HSXK3M988,2YMLM96KAZT0,6XSDAKRN8KWA",26.5,capture
"8CBRRPXSECX6,3LLVEJNXN567,49A7LC9SBD82,5PFJVF59W6KD",26.6,capture
"74PQZR7RRHWB,5PF9744RUPT7,5FBG5FQKVMN7,4QZ7A84R397E",26.8,capture
"4MMGNDHUV7R7,3U63RTVR46J1,9GSYL6EJAAW5,8FGJXUZNYAN5",26.8,capture
"6YXR4UAPZ5H1,7XH6JZJA6598,6CJ7QLZHPFM2,8WSFVFU9QLQA",26.9,capture
"34V45ALZZTC2,86XK2ME62VMA,663XS56RBRF6,3XKZLJN38NL7",27.4,capture
"97823RQQQTBA,9Z5CXQDX5NDE,9DCWPWATXQS9,5YQBV9N9YEK4",27.7,capture
"77BF43G7TRYA,8XZ6M36HGAD2,9DCK7E78E8WF,3WKDTYLN2VPA",27.9,capture
"4X7T5CHNLJDC,9ELYT5VFDKCB,49DELXPQZ5SF,4RKPDCRYUAEE",28.5,capture
"6G3DDGYUS221,3ZUJ4K2UNTV8,9XCM4BAE4VT8,3UZEZBFJGFGD",28.8,capture
"3YJWTTUUAD74,4QQND6TVXZDE,6FV25JTB2JW0,46JXFMJSE499",29.5,capture
"5NPB368Q2BW0,9ZCWSB85ZFP2,7BP447BUHBDA,3WE5V833J526",30.4,capture
"3G8QBSGQGUF7,8S8YRQU46DG5,3HF9RQ977J56,6NDSWZNBJ6L8",31.7,capture
"4EYD393Z2RMA,299ZCPYBG363,5RLCYYA3WP27,29KKAWNGKZK0",32.9,capture
"3RHBHRC9UBM9,255P7ZV9UQD8,4337LAWB7LK5,42TLM7VQUNJ9",39,capture
"78YYVAE6BXN3,4YJMZ8DSH72D,6ZEVDR4ZFAS5,6K5AEXRM4VL5",39.4,capture
"5NBXWYEV2LME,4U3VANN3W4T6,4F23E9FDVRY6,3L8NZNN49HC5",18.9,shotgun
"7XXZSUSM75Y0,9QQRFLX9SYPF,83SMX3Q56GEF,5UU56SXAK9K2",19.2,shotgun
"88LDLSW5PQMC,3VVX8SFK329B,3YD9394CRLX8,4CEJCXYCWEQA",20.6,shotgun
"4ZHMZD2XX22E,2LW56NS76FMB,6BQFJG3F2WFD,57AYVY2YBY9B",21.6,shotgun
"93LNCKHXZD94,9CYJP5UM8J67,2ZGWP9FHX6KA,6T6JMCQB5EA5",22.6,shotgun
"3CPQYKEWVBCE,2URMWAR54DP4,56ZEAM7Z6PC5,3RP2ZVY2FXWF",23.5,shotgun
"3LBVFNEVNZBB,87BLB2DLXMMA,9NCSQARAWKJD,5X7DAW2XE7X8",23.7,shotgun
"2U682T49PGP9,5KD7RW9H4K94,5MFVX4Y5B7D7,9NJEMA6Y3PA4",23.8,shotgun
"87L4W58KP8EA,5DG9K6S7ULFC,8KCKD89WFV4A,9MYFJQRWNZWE",23.9,shotgun
"67SSL5VCLTMC,9EWJZ4N2QLP0,4PS6J4XRQW81,82LXEPWMZXB7",24,shotgun
"226UYM2DZ4HE,2G9Z849CAFDF,4C9A8NHLCWGA,6WM979K5ZSS4",24.1,shotgun
"3PYXN349SVF2,6ELX2LZL7ZH2,2BPRA2M8TAA6,5ABKYGNZ4UK3",25.2,capture
"6EPH8BXRMSC2,542ZA2MFVJRF,86MGS9C29XNC,2MSJLPJ4GJ27",25.6,capture
"5NXPWKBSQGB0,7T6BK7UKTWS6,7J92F5FFGZ5C,9GZQTTUXZHX0",28.7,capture
"2EWJK5MQUQ6B,5G2K83M595RD,2YLS7VDCBS42,6S33D73NKXV5",33.9,capture
"5RRLEX7VKP78,4YZ5CRF6AF3C,7QP5J8M7DV6A,6NTWT782YPC1",34,capture
"753R4H89Y59F,6M2ZSNMTS3XE,4YY85K5RMN6A,76DCUJ3JSZAD",34.2,capture
"9GFZ7KVPMRE8,36MGTJBJ9TE5,6MPWEC5PRE2D,46QLSVREZG70",37.1,capture
"73N95ZKBU6BD,9GP4Y4AV5B99,91,8Y6SM6AHTLA8",39,capture